account_id,customer_id,branch_id,account_type,open_date,current_balance,account_status
200001,100001,47,Savings,2024-05-26,4714947.59,ACTIVE
200002,100002,12,Savings,2022-04-05,2112211.42,ACTIVE
200003,100003,16,Salary,2020-08-27,1886879.65,ACTIVE
200004,100004,24,Current,2024-05-14,4681637.61,ACTIVE
200005,100005,19,Current,2017-03-08,3375862.74,ACTIVE
200006,100006,8,Savings,2024-08-04,580555.4,ACTIVE
200007,100007,31,Savings,2023-02-28,211937.6,ACTIVE
200008,100008,21,Savings,2022-06-19,2823362.94,ACTIVE
200009,100009,17,Current,2020-01-06,4650889.74,ACTIVE
200010,100010,23,Savings,2023-07-25,4221321.39,ACTIVE
200011,100011,37,Savings,2021-02-21,3379400.81,ACTIVE
200012,100012,16,Salary,2023-11-17,696009.69,ACTIVE
200013,100013,6,Savings,2023-06-17,1271529.8,ACTIVE
200014,100014,8,Savings,2020-10-15,4377618.38,ACTIVE
200015,100015,25,Savings,2017-03-02,914444.78,ACTIVE
200016,100016,18,Salary,2017-11-14,1392557.82,CLOSED
200017,100017,25,Savings,2024-11-19,648438.46,CLOSED
200018,100018,12,Current,2018-01-08,3380703.1,ACTIVE
200019,100019,15,Current,2022-03-02,4719939.54,CLOSED
200020,100020,26,Savings,2020-07-02,1345205.67,ACTIVE
200021,100021,41,Current,2021-08-29,2377295.34,ACTIVE
200022,100022,45,Savings,2019-10-14,3171881.53,ACTIVE
200023,100023,26,Savings,2023-05-17,4997331.51,ACTIVE
200024,100024,47,Current,2017-10-09,524487.92,ACTIVE
200025,100025,32,Salary,2021-12-26,2493104.71,ACTIVE
200026,100026,10,Current,2022-09-23,1925908.04,ACTIVE
200027,100027,16,Savings,2020-12-19,4329167.92,ACTIVE
200028,100028,7,Savings,2019-12-14,2380100.67,ACTIVE
200029,100029,17,Savings,2019-07-14,555332.13,CLOSED
200030,100030,23,Savings,2022-03-03,3172303.51,ACTIVE
200031,100031,26,Savings,2019-08-22,3854017.7,ACTIVE
200032,100032,21,Savings,2025-06-22,14904.82,ACTIVE
200033,100033,22,Savings,2020-03-02,4294853.95,ACTIVE
200034,100034,7,Savings,2020-08-15,930521.99,ACTIVE
200035,100035,14,Savings,2024-07-27,2760570.79,ACTIVE
200036,100036,15,Savings,2023-02-06,2079279.6,ACTIVE
200037,100037,7,Current,2020-10-29,3598409.26,ACTIVE
200038,100038,9,Savings,2025-04-06,1856122.49,ACTIVE
200039,100039,48,Salary,2024-02-21,4348881.0,ACTIVE
200040,100040,8,Salary,2019-08-17,3652616.56,ACTIVE
200041,100041,50,Savings,2022-10-28,3238742.0,ACTIVE
200042,100042,23,Current,2018-09-12,3981304.86,ACTIVE
200043,100043,29,Savings,2022-04-25,3770238.16,ACTIVE
200044,100044,18,Savings,2022-02-12,180175.41,DORMANT
200045,100045,31,Savings,2018-05-26,1973974.4,CLOSED
200046,100046,30,Savings,2020-03-16,4654071.08,CLOSED
200047,100047,39,Savings,2024-08-02,629058.48,ACTIVE
200048,100048,35,Savings,2022-03-03,3685614.2,ACTIVE
200049,100049,18,Current,2024-05-07,4872971.76,ACTIVE
200050,100050,42,Current,2018-11-06,261467.05,ACTIVE
200051,100051,39,Savings,2020-01-14,3411128.31,ACTIVE
200052,100052,17,Current,2021-01-27,2341036.63,ACTIVE
200053,100053,14,Savings,2021-01-06,2896086.69,CLOSED
200054,100054,31,Savings,2020-06-14,427164.01,ACTIVE
200055,100055,24,Current,2016-01-01,215513.26,CLOSED
200056,100056,35,Savings,2024-02-22,3334499.87,ACTIVE
200057,100057,44,Savings,2016-05-21,4116635.49,ACTIVE
200058,100058,45,Savings,2019-03-11,3910185.67,ACTIVE
200059,100059,34,Savings,2022-09-06,2719256.74,ACTIVE
200060,100060,3,Salary,2016-03-07,499784.17,ACTIVE
200061,100061,37,Savings,2021-10-21,3440378.2,ACTIVE
200062,100062,43,Salary,2017-07-07,1209823.47,ACTIVE
200063,100063,40,Savings,2019-05-21,4555387.98,ACTIVE
200064,100064,26,Savings,2016-01-27,4191407.67,DORMANT
200065,100065,23,Savings,2019-05-15,3547060.14,DORMANT
200066,100066,44,Current,2018-06-27,4744255.36,CLOSED
200067,100067,39,Savings,2018-05-29,157593.4,ACTIVE
200068,100068,15,Salary,2019-07-13,3681134.03,ACTIVE
200069,100069,49,Current,2016-03-29,1651548.78,ACTIVE
200070,100070,4,Savings,2024-08-26,4530376.4,ACTIVE
200071,100071,29,Salary,2025-03-20,1333742.65,ACTIVE
200072,100072,22,Current,2023-09-26,3624420.07,ACTIVE
200073,100073,25,Current,2025-03-22,4388296.27,ACTIVE
200074,100074,13,Savings,2019-02-04,208763.26,ACTIVE
200075,100075,18,Savings,2022-03-17,1988539.07,ACTIVE
200076,100076,33,Savings,2021-09-25,3811664.01,ACTIVE
200077,100077,16,Savings,2022-03-28,2274866.99,ACTIVE
200078,100078,45,Savings,2022-05-26,1336629.52,ACTIVE
200079,100079,42,Current,2022-05-30,1099416.84,ACTIVE
200080,100080,44,Savings,2017-09-25,658025.58,ACTIVE
200081,100081,2,Savings,2017-01-21,4285719.23,ACTIVE
200082,100082,35,Salary,2016-06-03,2876989.34,ACTIVE
200083,100083,42,Salary,2021-02-28,382386.53,ACTIVE
200084,100084,34,Savings,2019-12-27,1913210.33,ACTIVE
200085,100085,30,Salary,2017-10-01,1838984.39,ACTIVE
200086,100086,13,Savings,2017-07-20,909105.08,ACTIVE
200087,100087,13,Savings,2018-12-21,2177820.37,CLOSED
200088,100088,18,Current,2020-02-12,1660830.78,ACTIVE
200089,100089,32,Savings,2022-07-12,1709347.63,ACTIVE
200090,100090,32,Savings,2018-10-20,3695263.28,ACTIVE
200091,100091,35,Savings,2018-08-12,1116705.3,ACTIVE
200092,100092,39,Savings,2018-11-15,3209478.86,ACTIVE
200093,100093,46,Savings,2025-02-04,2853462.79,ACTIVE
200094,100094,29,Savings,2019-05-15,2840678.52,ACTIVE
200095,100095,49,Current,2017-01-11,3315205.23,ACTIVE
200096,100096,29,Current,2022-05-25,2742135.99,ACTIVE
200097,100097,44,Savings,2020-06-25,4396335.95,ACTIVE
200098,100098,16,Savings,2022-05-19,3378062.67,DORMANT
200099,100099,44,Savings,2018-06-09,2735042.78,ACTIVE
200100,100100,47,Savings,2024-03-26,4148900.72,CLOSED
200101,100101,10,Current,2016-11-12,3030929.75,ACTIVE
200102,100102,30,Savings,2024-02-11,1456075.67,CLOSED
200103,100103,25,Savings,2019-08-22,1035871.04,CLOSED
200104,100104,39,Current,2024-11-21,762062.76,ACTIVE
200105,100105,20,Current,2021-05-30,4497326.34,ACTIVE
200106,100106,5,Current,2017-12-09,3550822.09,ACTIVE
200107,100107,1,Savings,2021-06-22,4686923.5,ACTIVE
200108,100108,30,Savings,2025-04-05,3016657.38,ACTIVE
200109,100109,49,Savings,2023-09-25,2367267.71,ACTIVE
200110,100110,3,Savings,2023-11-18,299052.59,ACTIVE
200111,100111,45,Current,2022-06-18,3358375.59,ACTIVE
200112,100112,14,Current,2025-03-10,2911252.69,CLOSED
200113,100113,30,Current,2017-01-25,4951049.36,ACTIVE
200114,100114,50,Current,2022-09-04,1196174.31,ACTIVE
200115,100115,4,Savings,2023-03-15,2653921.41,ACTIVE
200116,100116,18,Current,2019-05-15,3254961.2,CLOSED
200117,100117,37,Savings,2016-06-02,3223133.58,ACTIVE
200118,100118,25,Savings,2024-03-12,2806687.07,ACTIVE
200119,100119,48,Savings,2025-01-23,3884751.59,ACTIVE
200120,100120,1,Savings,2022-06-18,1025303.56,ACTIVE
200121,100121,46,Savings,2020-04-11,3628273.19,ACTIVE
200122,100122,15,Salary,2016-11-17,3098862.99,CLOSED
200123,100123,9,Savings,2024-09-30,4480427.52,ACTIVE
200124,100124,15,Savings,2016-08-17,4236048.6,ACTIVE
200125,100125,49,Savings,2024-08-23,1576077.62,DORMANT
200126,100126,24,Current,2019-10-01,1381548.51,ACTIVE
200127,100127,4,Savings,2019-11-26,4908275.79,ACTIVE
200128,100128,12,Current,2025-03-01,2636562.27,DORMANT
200129,100129,37,Savings,2020-11-13,4532151.61,ACTIVE
200130,100130,37,Current,2020-09-02,819823.18,ACTIVE
200131,100131,43,Savings,2017-05-08,3214273.16,ACTIVE
200132,100132,6,Current,2024-08-21,4049396.01,ACTIVE
200133,100133,39,Current,2018-07-17,4737002.55,ACTIVE
200134,100134,46,Savings,2024-05-20,1687032.04,ACTIVE
200135,100135,24,Savings,2023-04-27,3625043.36,ACTIVE
200136,100136,11,Savings,2025-07-11,2694295.64,CLOSED
200137,100137,13,Savings,2022-10-03,303614.32,ACTIVE
200138,100138,34,Savings,2016-02-16,3450153.69,DORMANT
200139,100139,25,Current,2023-02-09,3450637.74,DORMANT
200140,100140,7,Savings,2024-09-19,4653068.72,ACTIVE
200141,100141,4,Savings,2023-02-02,2486813.57,ACTIVE
200142,100142,8,Savings,2020-04-15,1151639.48,ACTIVE
200143,100143,20,Savings,2016-08-09,223296.84,ACTIVE
200144,100144,29,Salary,2019-06-02,2078503.11,CLOSED
200145,100145,45,Savings,2021-11-17,1509932.54,ACTIVE
200146,100146,46,Current,2016-06-17,3805560.99,ACTIVE
200147,100147,10,Current,2019-07-31,1771661.69,ACTIVE
200148,100148,43,Current,2022-01-20,4745381.45,ACTIVE
200149,100149,34,Salary,2022-05-02,4811569.86,ACTIVE
200150,100150,26,Savings,2017-09-04,3104732.5,ACTIVE
200151,100151,41,Salary,2019-08-31,4643337.1,ACTIVE
200152,100152,49,Savings,2021-08-19,3804391.3,ACTIVE
200153,100153,3,Savings,2023-10-29,2734524.78,ACTIVE
200154,100154,6,Current,2018-06-23,901949.52,ACTIVE
200155,100155,5,Salary,2017-09-19,2293260.42,ACTIVE
200156,100156,5,Current,2016-07-25,2804591.88,DORMANT
200157,100157,47,Savings,2023-07-22,4319875.92,ACTIVE
200158,100158,23,Savings,2024-03-15,2406926.22,ACTIVE
200159,100159,49,Salary,2020-05-28,4488424.53,ACTIVE
200160,100160,9,Savings,2020-12-30,3371907.72,ACTIVE
200161,100161,35,Current,2024-06-10,685426.82,CLOSED
200162,100162,20,Current,2022-09-03,4974909.36,ACTIVE
200163,100163,49,Savings,2022-06-14,2636399.69,ACTIVE
200164,100164,42,Savings,2021-08-29,1959595.55,ACTIVE
200165,100165,35,Savings,2017-01-03,3295739.27,ACTIVE
200166,100166,50,Savings,2018-06-28,544912.12,ACTIVE
200167,100167,18,Salary,2020-11-04,3182874.96,ACTIVE
200168,100168,17,Savings,2019-04-01,2491430.88,ACTIVE
200169,100169,24,Salary,2024-10-25,2033667.01,ACTIVE
200170,100170,3,Savings,2020-06-03,4765123.6,ACTIVE
200171,100171,32,Salary,2017-08-29,2612937.31,DORMANT
200172,100172,35,Savings,2017-06-25,1095977.84,ACTIVE
200173,100173,38,Savings,2019-10-08,2295087.92,ACTIVE
200174,100174,13,Savings,2016-12-04,4596977.33,ACTIVE
200175,100175,47,Current,2021-05-03,880889.31,DORMANT
200176,100176,25,Current,2022-05-29,1070178.21,ACTIVE
200177,100177,9,Current,2024-05-10,65641.32,DORMANT
200178,100178,4,Savings,2016-07-20,71443.15,ACTIVE
200179,100179,14,Savings,2022-02-23,4147043.44,ACTIVE
200180,100180,37,Savings,2020-06-23,3660746.97,ACTIVE
200181,100181,34,Savings,2018-12-11,1775527.76,ACTIVE
200182,100182,11,Savings,2016-12-14,3491706.63,ACTIVE
200183,100183,41,Salary,2020-06-20,1976332.03,ACTIVE
200184,100184,3,Salary,2021-08-17,4764507.53,ACTIVE
200185,100185,28,Salary,2020-11-14,4835279.88,ACTIVE
200186,100186,29,Current,2024-09-04,1964272.48,ACTIVE
200187,100187,9,Savings,2023-10-29,4271182.42,ACTIVE
200188,100188,3,Savings,2017-06-18,3865558.66,ACTIVE
200189,100189,25,Savings,2024-07-18,1550344.69,ACTIVE
200190,100190,34,Current,2017-07-06,1160583.12,ACTIVE
200191,100191,12,Savings,2021-05-23,2291444.13,ACTIVE
200192,100192,42,Savings,2022-04-09,3906853.53,CLOSED
200193,100193,9,Savings,2018-03-22,4800858.84,ACTIVE
200194,100194,15,Savings,2021-06-21,3818013.55,ACTIVE
200195,100195,40,Salary,2020-06-07,4276107.32,ACTIVE
200196,100196,25,Current,2023-04-25,3015520.0,DORMANT
200197,100197,5,Savings,2022-05-29,4177121.45,ACTIVE
200198,100198,11,Salary,2018-03-14,3922212.08,ACTIVE
200199,100199,34,Current,2022-04-17,1885239.22,DORMANT
200200,100200,24,Savings,2022-11-28,2760175.52,ACTIVE
200201,100201,15,Savings,2024-04-01,4023863.23,ACTIVE
200202,100202,38,Savings,2021-11-17,230760.64,ACTIVE
200203,100203,8,Savings,2018-10-05,4040492.37,ACTIVE
200204,100204,5,Salary,2018-09-19,889851.68,ACTIVE
200205,100205,48,Savings,2016-10-20,2573660.74,DORMANT
200206,100206,26,Salary,2018-12-26,4041473.06,ACTIVE
200207,100207,18,Savings,2024-09-16,1269478.48,CLOSED
200208,100208,6,Savings,2020-10-27,1229414.29,ACTIVE
200209,100209,37,Savings,2019-08-17,2014120.61,ACTIVE
200210,100210,48,Savings,2023-09-05,4473266.67,ACTIVE
200211,100211,13,Savings,2022-06-17,2713.69,ACTIVE
200212,100212,28,Salary,2017-01-01,4506964.79,ACTIVE
200213,100213,5,Savings,2017-04-05,769458.22,ACTIVE
200214,100214,13,Current,2023-07-14,4950436.84,ACTIVE
200215,100215,17,Savings,2020-08-21,4774257.54,ACTIVE
200216,100216,50,Savings,2020-09-30,2473628.61,ACTIVE
200217,100217,40,Savings,2020-02-05,2563844.88,ACTIVE
200218,100218,45,Savings,2019-11-27,2408005.93,ACTIVE
200219,100219,32,Savings,2018-02-19,3177400.51,ACTIVE
200220,100220,29,Savings,2019-08-06,454063.15,ACTIVE
200221,100221,3,Savings,2019-11-12,163573.43,CLOSED
200222,100222,40,Savings,2022-08-29,288985.79,ACTIVE
200223,100223,34,Savings,2023-05-08,2222104.56,ACTIVE
200224,100224,40,Savings,2016-04-09,1378101.92,ACTIVE
200225,100225,27,Salary,2024-08-18,3110386.79,ACTIVE
200226,100226,13,Current,2019-06-02,4962215.23,ACTIVE
200227,100227,45,Savings,2017-11-24,1931922.7,CLOSED
200228,100228,33,Savings,2019-12-03,2869419.35,DORMANT
200229,100229,6,Salary,2022-11-29,2078311.68,ACTIVE
200230,100230,24,Current,2025-03-19,4236434.7,ACTIVE
200231,100231,19,Savings,2025-01-01,4511230.9,ACTIVE
200232,100232,16,Salary,2020-12-16,4386839.38,ACTIVE
200233,100233,40,Savings,2022-12-27,4871874.01,ACTIVE
200234,100234,28,Savings,2017-08-20,138082.17,ACTIVE
200235,100235,33,Current,2020-12-09,4199160.9,ACTIVE
200236,100236,48,Savings,2016-07-02,3758984.98,ACTIVE
200237,100237,41,Salary,2025-03-05,1143857.7,ACTIVE
200238,100238,13,Current,2018-08-14,4781622.31,CLOSED
200239,100239,43,Savings,2018-03-28,741315.55,ACTIVE
200240,100240,45,Savings,2023-09-08,3397909.86,ACTIVE
200241,100241,25,Savings,2020-03-11,1124838.64,ACTIVE
200242,100242,42,Savings,2017-09-30,2157187.55,DORMANT
200243,100243,36,Current,2024-06-30,3595939.9,CLOSED
200244,100244,27,Savings,2024-03-02,2816841.55,ACTIVE
200245,100245,38,Savings,2025-07-24,2137795.41,ACTIVE
200246,100246,7,Current,2016-12-17,1632028.99,ACTIVE
200247,100247,5,Savings,2017-04-05,4198378.45,ACTIVE
200248,100248,43,Current,2024-04-17,719499.84,ACTIVE
200249,100249,45,Savings,2016-08-11,2150799.33,ACTIVE
200250,100250,31,Salary,2018-09-22,4518835.98,ACTIVE
200251,100251,23,Savings,2022-12-18,4229324.83,ACTIVE
200252,100252,42,Savings,2017-08-27,2005008.34,ACTIVE
200253,100253,10,Savings,2025-05-02,3815660.26,CLOSED
200254,100254,32,Savings,2025-03-13,4115892.57,ACTIVE
200255,100255,43,Current,2019-03-24,4444492.68,ACTIVE
200256,100256,30,Current,2016-02-26,2722756.59,ACTIVE
200257,100257,39,Current,2019-11-07,1022702.2,ACTIVE
200258,100258,31,Savings,2023-10-12,1276917.73,ACTIVE
200259,100259,18,Savings,2025-01-07,1478825.52,ACTIVE
200260,100260,36,Savings,2017-03-31,2969215.5,CLOSED
200261,100261,2,Savings,2019-06-03,164531.72,ACTIVE
200262,100262,14,Salary,2021-01-17,3180394.32,ACTIVE
200263,100263,13,Savings,2021-04-13,1822089.02,DORMANT
200264,100264,29,Savings,2016-04-03,1476561.39,ACTIVE
200265,100265,12,Savings,2019-09-21,4397543.11,ACTIVE
200266,100266,39,Current,2018-05-06,2300281.98,ACTIVE
200267,100267,2,Current,2024-04-19,475717.7,ACTIVE
200268,100268,32,Salary,2022-01-12,4133820.47,ACTIVE
200269,100269,13,Savings,2018-05-17,238682.47,ACTIVE
200270,100270,46,Savings,2018-04-14,3633882.75,ACTIVE
200271,100271,27,Salary,2022-02-16,3869644.16,ACTIVE
200272,100272,49,Current,2021-11-13,1763336.73,ACTIVE
200273,100273,41,Savings,2024-05-31,4124026.89,ACTIVE
200274,100274,17,Current,2018-11-25,2578539.2,ACTIVE
200275,100275,40,Current,2022-02-25,2316736.62,DORMANT
200276,100276,31,Current,2021-06-01,227493.71,ACTIVE
200277,100277,34,Current,2022-12-26,1450500.95,ACTIVE
200278,100278,24,Savings,2024-03-08,4655084.35,CLOSED
200279,100279,45,Savings,2017-08-01,1959423.9,ACTIVE
200280,100280,35,Savings,2023-10-18,2733729.25,ACTIVE
200281,100281,48,Current,2023-11-02,2660342.38,ACTIVE
200282,100282,6,Current,2023-06-30,2952360.23,ACTIVE
200283,100283,19,Current,2016-03-16,307124.11,ACTIVE
200284,100284,30,Savings,2020-03-22,1811200.19,ACTIVE
200285,100285,7,Current,2022-07-15,3615779.81,ACTIVE
200286,100286,10,Current,2023-06-10,1003200.98,ACTIVE
200287,100287,41,Current,2021-11-27,1018290.1,CLOSED
200288,100288,32,Current,2016-06-27,50947.99,ACTIVE
200289,100289,34,Current,2018-11-12,2187690.89,DORMANT
200290,100290,28,Savings,2017-11-28,4413730.54,ACTIVE
200291,100291,15,Savings,2016-09-03,259978.77,DORMANT
200292,100292,30,Savings,2019-03-09,955997.99,ACTIVE
200293,100293,37,Savings,2018-04-02,1550767.65,ACTIVE
200294,100294,29,Current,2024-11-06,3658757.82,ACTIVE
200295,100295,22,Current,2023-10-23,3203357.65,ACTIVE
200296,100296,4,Savings,2022-12-06,2080011.55,ACTIVE
200297,100297,20,Savings,2019-01-16,3795465.16,DORMANT
200298,100298,32,Current,2016-08-05,3048350.24,DORMANT
200299,100299,36,Savings,2021-03-19,4480255.98,ACTIVE
200300,100300,50,Savings,2023-05-05,4090224.73,ACTIVE
200301,100301,4,Savings,2016-02-04,1264441.62,ACTIVE
200302,100302,27,Savings,2016-09-29,1357557.17,ACTIVE
200303,100303,17,Savings,2020-05-10,627219.7,ACTIVE
200304,100304,12,Savings,2023-05-28,1685155.15,ACTIVE
200305,100305,22,Savings,2019-01-16,4997719.82,CLOSED
200306,100306,17,Salary,2023-06-08,2029052.97,ACTIVE
200307,100307,10,Savings,2025-07-22,1102831.93,ACTIVE
200308,100308,1,Current,2023-05-27,3812533.18,ACTIVE
200309,100309,22,Savings,2020-01-15,2712583.78,ACTIVE
200310,100310,26,Savings,2017-03-17,748432.45,ACTIVE
200311,100311,18,Current,2016-03-19,1903758.06,ACTIVE
200312,100312,50,Savings,2019-04-13,2072641.34,DORMANT
200313,100313,14,Savings,2023-04-13,3769271.59,ACTIVE
200314,100314,47,Savings,2020-05-02,103846.51,ACTIVE
200315,100315,29,Current,2018-08-04,1345463.72,CLOSED
200316,100316,12,Savings,2020-04-08,2588222.71,ACTIVE
200317,100317,36,Savings,2021-09-13,1344599.29,ACTIVE
200318,100318,35,Current,2023-12-16,3142356.02,ACTIVE
200319,100319,12,Savings,2017-02-11,2409596.46,ACTIVE
200320,100320,7,Current,2019-07-16,1808870.42,ACTIVE
200321,100321,29,Current,2021-06-08,4746068.53,ACTIVE
200322,100322,11,Salary,2022-09-11,3160981.42,ACTIVE
200323,100323,33,Savings,2021-12-17,650141.89,ACTIVE
200324,100324,6,Current,2016-12-26,2800678.44,DORMANT
200325,100325,47,Savings,2018-02-02,3903768.9,ACTIVE
200326,100326,15,Savings,2018-03-25,3542594.24,ACTIVE
200327,100327,32,Savings,2021-08-12,860860.1,ACTIVE
200328,100328,11,Current,2021-02-18,4862113.79,ACTIVE
200329,100329,23,Savings,2022-04-15,2244343.82,ACTIVE
200330,100330,26,Savings,2023-12-28,795545.51,DORMANT
200331,100331,34,Savings,2016-03-29,901388.67,CLOSED
200332,100332,46,Current,2016-06-11,491625.84,ACTIVE
200333,100333,34,Current,2018-10-10,4017688.78,ACTIVE
200334,100334,29,Current,2021-12-08,610591.46,ACTIVE
200335,100335,4,Savings,2019-06-02,626063.72,ACTIVE
200336,100336,17,Savings,2019-09-28,4252432.84,ACTIVE
200337,100337,35,Current,2021-06-29,1723348.12,CLOSED
200338,100338,13,Savings,2020-05-30,154774.09,ACTIVE
200339,100339,41,Savings,2024-05-07,259950.55,ACTIVE
200340,100340,39,Current,2017-10-05,711281.15,ACTIVE
200341,100341,15,Salary,2016-03-16,1067360.04,DORMANT
200342,100342,29,Current,2019-11-21,3325898.4,ACTIVE
200343,100343,29,Current,2023-09-03,787052.74,CLOSED
200344,100344,11,Salary,2019-12-12,594812.52,ACTIVE
200345,100345,32,Savings,2019-12-26,3823713.35,ACTIVE
200346,100346,2,Savings,2023-01-04,3355440.89,ACTIVE
200347,100347,47,Salary,2019-05-23,2176903.45,ACTIVE
200348,100348,14,Savings,2018-08-25,2746774.2,ACTIVE
200349,100349,20,Current,2021-08-15,1560264.11,ACTIVE
200350,100350,22,Savings,2019-02-03,2412760.85,ACTIVE
200351,100351,11,Savings,2025-02-07,2533609.91,ACTIVE
200352,100352,27,Current,2016-09-10,1936492.74,ACTIVE
200353,100353,3,Salary,2023-01-07,4532907.77,ACTIVE
200354,100354,17,Current,2018-11-21,80801.29,ACTIVE
200355,100355,44,Savings,2020-05-04,3910965.23,ACTIVE
200356,100356,28,Salary,2025-02-19,622351.96,ACTIVE
200357,100357,29,Savings,2016-04-30,3987838.03,ACTIVE
200358,100358,21,Savings,2022-03-23,3079751.62,ACTIVE
200359,100359,47,Savings,2019-02-21,4216468.82,ACTIVE
200360,100360,16,Savings,2018-07-12,488022.87,ACTIVE
200361,100361,37,Savings,2017-09-13,2795123.68,ACTIVE
200362,100362,20,Salary,2019-10-31,2505688.86,ACTIVE
200363,100363,6,Current,2020-05-28,3531112.82,ACTIVE
200364,100364,19,Current,2023-05-14,2671685.61,ACTIVE
200365,100365,5,Savings,2017-07-16,2703902.47,ACTIVE
200366,100366,3,Salary,2016-12-25,2148264.92,ACTIVE
200367,100367,1,Salary,2024-03-08,1544517.7,ACTIVE
200368,100368,38,Current,2020-04-14,2411580.67,ACTIVE
200369,100369,15,Savings,2021-11-02,592902.55,ACTIVE
200370,100370,34,Savings,2023-08-09,4807585.94,ACTIVE
200371,100371,35,Savings,2022-11-13,3572196.61,ACTIVE
200372,100372,49,Savings,2023-01-06,4762359.35,ACTIVE
200373,100373,25,Savings,2023-09-12,1134023.55,DORMANT
200374,100374,24,Salary,2018-07-20,4396765.43,ACTIVE
200375,100375,12,Savings,2020-09-05,4044045.53,ACTIVE
200376,100376,18,Savings,2018-09-11,3385923.49,ACTIVE
200377,100377,15,Savings,2022-06-04,3125333.42,ACTIVE
200378,100378,44,Savings,2017-09-17,1583090.05,ACTIVE
200379,100379,16,Savings,2020-10-12,4082145.72,ACTIVE
200380,100380,27,Savings,2019-07-03,2507826.55,ACTIVE
200381,100381,8,Savings,2022-10-15,354922.43,ACTIVE
200382,100382,46,Current,2019-09-10,1564659.37,CLOSED
200383,100383,25,Salary,2021-01-13,4676517.84,ACTIVE
200384,100384,17,Savings,2022-01-29,4253475.96,ACTIVE
200385,100385,29,Savings,2017-06-23,4909537.54,ACTIVE
200386,100386,8,Current,2018-04-26,3140152.92,ACTIVE
200387,100387,15,Savings,2023-04-26,1237926.61,ACTIVE
200388,100388,27,Savings,2017-07-21,814493.84,ACTIVE
200389,100389,46,Salary,2022-07-07,934978.75,DORMANT
200390,100390,50,Savings,2022-01-26,99468.39,ACTIVE
200391,100391,7,Current,2023-09-02,1953715.21,ACTIVE
200392,100392,3,Savings,2024-12-21,957542.69,DORMANT
200393,100393,29,Savings,2018-04-08,2058571.47,ACTIVE
200394,100394,44,Savings,2017-07-19,4675004.66,CLOSED
200395,100395,24,Current,2019-06-19,2152985.78,ACTIVE
200396,100396,3,Savings,2023-09-21,4389983.49,ACTIVE
200397,100397,20,Savings,2023-11-28,3027721.08,ACTIVE
200398,100398,46,Current,2021-11-15,1236034.21,ACTIVE
200399,100399,15,Savings,2017-07-07,1779595.87,ACTIVE
200400,100400,25,Savings,2020-10-27,420055.72,ACTIVE
200401,100401,30,Salary,2024-08-20,1667646.24,DORMANT
200402,100402,14,Savings,2017-08-17,3387865.96,ACTIVE
200403,100403,7,Current,2023-05-11,361019.41,ACTIVE
200404,100404,17,Current,2022-05-02,1027404.34,ACTIVE
200405,100405,44,Current,2017-10-09,1907514.49,ACTIVE
200406,100406,20,Savings,2019-07-24,4910256.66,ACTIVE
200407,100407,36,Salary,2016-10-04,3924416.68,ACTIVE
200408,100408,9,Savings,2022-04-01,3667566.99,ACTIVE
200409,100409,38,Current,2021-12-23,581396.69,ACTIVE
200410,100410,48,Savings,2024-01-25,3905088.97,ACTIVE
200411,100411,22,Savings,2017-04-29,3926451.42,CLOSED
200412,100412,2,Savings,2018-01-24,3005712.93,ACTIVE
200413,100413,24,Salary,2019-07-24,4951813.73,ACTIVE
200414,100414,8,Salary,2025-05-31,1626606.9,ACTIVE
200415,100415,11,Savings,2017-08-19,4706391.6,ACTIVE
200416,100416,13,Savings,2024-02-26,4573698.21,ACTIVE
200417,100417,17,Current,2016-04-30,57897.56,ACTIVE
200418,100418,8,Savings,2024-08-01,2250857.57,ACTIVE
200419,100419,21,Savings,2019-07-29,4885532.61,ACTIVE
200420,100420,18,Current,2020-08-22,516055.25,ACTIVE
200421,100421,30,Savings,2020-08-11,2739149.58,CLOSED
200422,100422,18,Salary,2019-05-27,4894798.06,ACTIVE
200423,100423,46,Savings,2020-12-19,2777699.37,ACTIVE
200424,100424,47,Savings,2024-05-12,949481.61,ACTIVE
200425,100425,31,Savings,2025-03-19,2911125.06,ACTIVE
200426,100426,38,Current,2023-02-21,1022600.65,ACTIVE
200427,100427,32,Savings,2024-04-12,2598761.46,ACTIVE
200428,100428,11,Current,2019-01-26,370674.07,ACTIVE
200429,100429,45,Savings,2017-09-14,3027610.6,ACTIVE
200430,100430,25,Current,2024-09-26,2584191.3,ACTIVE
200431,100431,33,Savings,2018-02-08,3700936.76,ACTIVE
200432,100432,38,Savings,2017-03-13,3153687.01,ACTIVE
200433,100433,41,Current,2017-06-22,2748256.54,ACTIVE
200434,100434,8,Savings,2018-01-26,3449049.36,ACTIVE
200435,100435,11,Savings,2016-04-17,720137.6,ACTIVE
200436,100436,22,Salary,2024-07-19,2977000.63,ACTIVE
200437,100437,24,Savings,2022-11-11,860966.96,ACTIVE
200438,100438,41,Current,2022-12-02,4627648.28,ACTIVE
200439,100439,17,Savings,2018-12-29,342136.36,ACTIVE
200440,100440,12,Current,2022-10-16,2152158.56,ACTIVE
200441,100441,46,Savings,2022-05-11,3479139.49,ACTIVE
200442,100442,32,Savings,2022-11-13,2290382.05,ACTIVE
200443,100443,15,Salary,2018-08-03,460930.22,ACTIVE
200444,100444,16,Current,2022-09-08,2767118.39,ACTIVE
200445,100445,22,Savings,2018-08-09,3208338.73,ACTIVE
200446,100446,28,Savings,2018-08-03,3519109.66,ACTIVE
200447,100447,20,Salary,2023-09-16,1866612.44,ACTIVE
200448,100448,33,Savings,2016-04-16,2818518.03,CLOSED
200449,100449,10,Current,2020-01-11,2253707.03,ACTIVE
200450,100450,40,Current,2016-11-21,3360444.17,ACTIVE
200451,100451,32,Savings,2023-09-19,2917993.06,DORMANT
200452,100452,50,Savings,2024-09-29,2629018.22,CLOSED
200453,100453,33,Current,2021-05-06,1247997.07,ACTIVE
200454,100454,2,Savings,2017-07-03,10591.58,ACTIVE
200455,100455,33,Savings,2021-08-19,870821.34,ACTIVE
200456,100456,33,Salary,2025-06-27,585771.67,ACTIVE
200457,100457,41,Savings,2022-10-12,2245699.18,ACTIVE
200458,100458,13,Current,2021-04-04,3061484.62,ACTIVE
200459,100459,30,Savings,2023-12-26,1065818.5,ACTIVE
200460,100460,33,Savings,2023-04-14,4695315.95,CLOSED
200461,100461,13,Savings,2020-03-11,33907.31,ACTIVE
200462,100462,26,Savings,2018-01-23,3861618.93,ACTIVE
200463,100463,22,Savings,2025-07-22,3126211.25,ACTIVE
200464,100464,39,Savings,2020-05-06,1868087.23,ACTIVE
200465,100465,2,Current,2021-07-05,252919.48,ACTIVE
200466,100466,38,Savings,2021-04-24,3137619.12,ACTIVE
200467,100467,39,Savings,2017-07-17,1928374.76,ACTIVE
200468,100468,26,Savings,2017-11-01,4681367.56,ACTIVE
200469,100469,46,Savings,2018-03-02,2710179.38,ACTIVE
200470,100470,50,Savings,2018-07-15,4698287.73,CLOSED
200471,100471,15,Savings,2016-05-12,1102808.23,ACTIVE
200472,100472,34,Savings,2020-07-31,3628766.69,ACTIVE
200473,100473,42,Savings,2024-07-28,3086436.48,ACTIVE
200474,100474,44,Savings,2016-03-02,3697171.45,ACTIVE
200475,100475,49,Current,2019-01-10,1073731.99,ACTIVE
200476,100476,40,Savings,2020-08-18,3325140.08,ACTIVE
200477,100477,11,Savings,2018-06-30,2490452.95,DORMANT
200478,100478,3,Current,2024-04-28,3714253.46,DORMANT
200479,100479,6,Savings,2023-07-12,1635559.7,ACTIVE
200480,100480,9,Salary,2018-04-10,4450340.1,ACTIVE
200481,100481,6,Savings,2024-06-30,421964.42,ACTIVE
200482,100482,9,Savings,2018-04-17,4036043.0,ACTIVE
200483,100483,39,Savings,2016-09-27,4306667.47,ACTIVE
200484,100484,31,Savings,2017-12-26,4086352.93,ACTIVE
200485,100485,32,Current,2020-12-04,2563875.61,DORMANT
200486,100486,41,Savings,2022-12-02,2192205.71,ACTIVE
200487,100487,50,Salary,2021-06-29,4981313.3,DORMANT
200488,100488,12,Savings,2023-09-18,1146245.17,ACTIVE
200489,100489,8,Savings,2019-08-23,2734606.39,ACTIVE
200490,100490,8,Savings,2021-02-17,3353542.29,ACTIVE
200491,100491,50,Savings,2018-10-07,3504487.75,ACTIVE
200492,100492,28,Savings,2020-10-17,1020521.32,ACTIVE
200493,100493,20,Current,2020-07-16,3270143.46,DORMANT
200494,100494,47,Current,2024-09-14,4091938.65,ACTIVE
200495,100495,7,Savings,2016-06-20,250567.87,DORMANT
200496,100496,11,Current,2022-10-26,4557650.71,DORMANT
200497,100497,20,Salary,2024-03-30,148005.52,ACTIVE
200498,100498,16,Salary,2025-03-30,1780177.18,DORMANT
200499,100499,4,Savings,2020-04-07,79558.07,CLOSED
200500,100500,6,Current,2024-01-28,386187.27,ACTIVE
200501,100501,22,Savings,2019-07-05,4555885.84,ACTIVE
200502,100502,26,Salary,2020-06-02,1774626.72,CLOSED
200503,100503,3,Savings,2022-11-09,2124145.27,ACTIVE
200504,100504,41,Savings,2024-04-29,1077114.23,ACTIVE
200505,100505,42,Current,2022-05-31,2985680.3,DORMANT
200506,100506,14,Savings,2022-08-29,2974218.67,ACTIVE
200507,100507,11,Salary,2022-01-05,1861315.86,ACTIVE
200508,100508,18,Salary,2021-11-21,1665507.84,ACTIVE
200509,100509,12,Current,2023-03-12,4424879.06,ACTIVE
200510,100510,23,Savings,2023-11-24,1916729.56,ACTIVE
200511,100511,12,Current,2024-10-28,2467758.21,CLOSED
200512,100512,13,Savings,2016-06-06,1416882.16,ACTIVE
200513,100513,25,Savings,2021-11-02,3933954.13,ACTIVE
200514,100514,45,Current,2017-03-23,1987542.06,ACTIVE
200515,100515,19,Savings,2021-01-23,2568298.43,ACTIVE
200516,100516,46,Savings,2021-02-14,1267159.17,ACTIVE
200517,100517,36,Salary,2025-04-10,4938304.13,CLOSED
200518,100518,45,Savings,2016-06-22,1457832.96,DORMANT
200519,100519,8,Savings,2018-10-03,3853827.28,ACTIVE
200520,100520,29,Salary,2021-10-25,2137764.5,ACTIVE
200521,100521,32,Savings,2022-01-12,1031483.92,DORMANT
200522,100522,44,Current,2020-06-08,3998693.96,CLOSED
200523,100523,18,Salary,2024-03-30,1668367.14,ACTIVE
200524,100524,6,Salary,2016-06-09,4326034.14,ACTIVE
200525,100525,18,Current,2022-04-03,4576328.3,ACTIVE
200526,100526,19,Savings,2020-05-05,4299189.27,DORMANT
200527,100527,22,Savings,2021-10-15,175522.07,ACTIVE
200528,100528,37,Current,2024-07-31,3936973.04,ACTIVE
200529,100529,32,Salary,2023-01-27,2056991.66,ACTIVE
200530,100530,41,Savings,2016-07-20,4368677.74,DORMANT
200531,100531,3,Savings,2018-02-16,3189952.34,ACTIVE
200532,100532,28,Savings,2019-04-07,4168298.85,ACTIVE
200533,100533,10,Savings,2020-12-05,2497409.13,ACTIVE
200534,100534,35,Current,2020-06-18,2675360.01,ACTIVE
200535,100535,29,Savings,2019-06-01,722365.97,ACTIVE
200536,100536,15,Salary,2024-09-03,3920044.8,DORMANT
200537,100537,33,Current,2025-04-12,2097238.36,DORMANT
200538,100538,7,Savings,2019-03-17,2500650.55,DORMANT
200539,100539,12,Current,2021-03-04,3925596.02,DORMANT
200540,100540,49,Savings,2017-11-12,2994427.58,ACTIVE
200541,100541,30,Savings,2020-09-26,1005893.09,DORMANT
200542,100542,21,Current,2019-04-20,2951368.18,ACTIVE
200543,100543,31,Current,2022-11-16,2038460.47,ACTIVE
200544,100544,24,Current,2016-08-11,2347892.95,CLOSED
200545,100545,20,Savings,2023-09-27,142042.22,ACTIVE
200546,100546,37,Savings,2021-10-18,1050541.73,ACTIVE
200547,100547,4,Current,2017-08-05,1405549.89,ACTIVE
200548,100548,28,Savings,2021-03-13,3564943.56,ACTIVE
200549,100549,44,Savings,2025-04-22,57956.62,ACTIVE
200550,100550,20,Savings,2023-03-31,2044181.92,DORMANT
200551,100551,24,Current,2021-01-24,4620172.34,CLOSED
200552,100552,50,Savings,2017-01-05,559847.14,ACTIVE
200553,100553,49,Current,2024-02-07,2582363.73,ACTIVE
200554,100554,32,Salary,2021-08-12,3932718.65,ACTIVE
200555,100555,41,Savings,2017-04-08,4712685.27,DORMANT
200556,100556,36,Savings,2018-01-06,3734009.81,ACTIVE
200557,100557,34,Savings,2024-09-24,3602967.46,ACTIVE
200558,100558,36,Salary,2022-07-25,4132527.21,ACTIVE
200559,100559,2,Savings,2023-10-22,2231283.0,ACTIVE
200560,100560,15,Savings,2022-02-16,4029319.74,ACTIVE
200561,100561,34,Savings,2017-07-08,40318.04,DORMANT
200562,100562,36,Current,2020-05-29,4622843.0,ACTIVE
200563,100563,6,Savings,2020-08-20,2216810.89,ACTIVE
200564,100564,39,Current,2019-08-17,2767124.25,ACTIVE
200565,100565,42,Salary,2021-01-20,1274783.8,ACTIVE
200566,100566,12,Savings,2016-04-12,3712782.9,ACTIVE
200567,100567,3,Current,2018-01-02,383640.71,ACTIVE
200568,100568,45,Savings,2021-02-01,4363242.69,ACTIVE
200569,100569,18,Salary,2022-08-14,4140670.09,ACTIVE
200570,100570,40,Current,2023-12-28,1080692.55,DORMANT
200571,100571,21,Salary,2018-04-07,4046717.33,ACTIVE
200572,100572,15,Savings,2021-02-05,3931895.49,CLOSED
200573,100573,33,Savings,2017-01-04,3161266.88,ACTIVE
200574,100574,35,Savings,2018-10-21,1867914.12,ACTIVE
200575,100575,26,Savings,2019-08-20,1357858.02,ACTIVE
200576,100576,8,Savings,2023-10-04,1159302.06,ACTIVE
200577,100577,36,Savings,2023-04-10,1593385.51,ACTIVE
200578,100578,48,Savings,2023-12-24,4517840.44,ACTIVE
200579,100579,30,Savings,2024-12-06,388665.06,ACTIVE
200580,100580,23,Current,2017-11-02,4144441.95,ACTIVE
200581,100581,42,Savings,2024-01-21,1744775.93,ACTIVE
200582,100582,44,Savings,2024-03-22,2608236.18,ACTIVE
200583,100583,14,Savings,2017-05-21,3972530.93,ACTIVE
200584,100584,14,Savings,2017-01-08,4421940.55,ACTIVE
200585,100585,2,Salary,2017-04-12,1724234.71,ACTIVE
200586,100586,37,Savings,2023-12-02,2309486.48,ACTIVE
200587,100587,5,Current,2021-01-14,2072873.07,ACTIVE
200588,100588,38,Salary,2023-02-10,66748.54,ACTIVE
200589,100589,45,Current,2020-01-26,1480066.47,DORMANT
200590,100590,41,Current,2016-12-15,2296216.57,CLOSED
200591,100591,47,Current,2021-11-15,2055762.5,ACTIVE
200592,100592,14,Salary,2023-12-07,3609785.17,ACTIVE
200593,100593,39,Current,2020-04-22,1924325.68,ACTIVE
200594,100594,25,Savings,2024-02-25,2447137.56,ACTIVE
200595,100595,20,Current,2024-11-14,2148328.16,CLOSED
200596,100596,2,Savings,2021-09-26,3703260.43,ACTIVE
200597,100597,39,Current,2022-11-12,4314930.51,ACTIVE
200598,100598,6,Savings,2017-10-16,2659679.45,ACTIVE
200599,100599,17,Savings,2020-03-31,3947266.25,ACTIVE
200600,100600,25,Savings,2022-03-04,1484285.02,ACTIVE
200601,100601,28,Savings,2020-04-07,2707077.37,ACTIVE
200602,100602,2,Savings,2016-06-28,1726477.15,CLOSED
200603,100603,35,Savings,2024-08-12,2071297.53,ACTIVE
200604,100604,37,Savings,2017-11-30,3662203.12,ACTIVE
200605,100605,5,Savings,2019-10-04,4408371.58,DORMANT
200606,100606,1,Current,2022-05-05,607916.21,ACTIVE
200607,100607,40,Savings,2023-05-25,3173378.96,CLOSED
200608,100608,12,Savings,2017-09-06,2910927.97,CLOSED
200609,100609,36,Current,2017-10-26,592515.99,ACTIVE
200610,100610,45,Savings,2017-08-15,1059865.71,ACTIVE
200611,100611,23,Savings,2018-01-02,1555356.97,ACTIVE
200612,100612,47,Salary,2024-08-16,835071.89,CLOSED
200613,100613,31,Salary,2023-12-26,1219025.55,ACTIVE
200614,100614,11,Savings,2016-07-29,1338370.19,ACTIVE
200615,100615,10,Savings,2020-09-14,1678701.33,CLOSED
200616,100616,3,Salary,2019-06-15,3747077.57,CLOSED
200617,100617,14,Current,2019-06-21,2859775.06,DORMANT
200618,100618,16,Savings,2024-03-09,4931240.24,ACTIVE
200619,100619,10,Current,2024-08-14,2073971.77,CLOSED
200620,100620,29,Savings,2021-01-01,3769448.44,ACTIVE
200621,100621,10,Savings,2019-03-28,4357406.37,CLOSED
200622,100622,12,Savings,2023-01-09,3395052.98,ACTIVE
200623,100623,30,Current,2018-01-10,2059617.77,ACTIVE
200624,100624,41,Savings,2017-04-26,3768096.36,ACTIVE
200625,100625,1,Current,2017-06-22,1018733.86,ACTIVE
200626,100626,5,Savings,2018-04-10,1638097.05,ACTIVE
200627,100627,20,Savings,2016-01-15,2733652.93,ACTIVE
200628,100628,8,Savings,2022-12-25,2877259.23,ACTIVE
200629,100629,43,Current,2024-08-01,111196.31,ACTIVE
200630,100630,12,Savings,2018-11-02,4725598.39,DORMANT
200631,100631,1,Savings,2016-02-20,3483288.04,ACTIVE
200632,100632,20,Salary,2021-02-21,2478770.9,ACTIVE
200633,100633,28,Savings,2021-07-31,4665669.61,ACTIVE
200634,100634,43,Salary,2021-08-04,2195758.28,ACTIVE
200635,100635,37,Savings,2022-02-04,4902187.63,ACTIVE
200636,100636,47,Current,2025-01-20,2561667.64,ACTIVE
200637,100637,37,Savings,2016-01-24,571871.71,ACTIVE
200638,100638,12,Salary,2022-10-26,3824122.46,CLOSED
200639,100639,37,Savings,2021-07-14,3394649.18,DORMANT
200640,100640,49,Savings,2018-09-01,3865047.11,ACTIVE
200641,100641,49,Savings,2018-06-07,4757234.42,CLOSED
200642,100642,44,Savings,2022-08-08,3882558.27,ACTIVE
200643,100643,28,Savings,2023-05-25,3056877.34,ACTIVE
200644,100644,47,Salary,2021-05-02,4286615.86,ACTIVE
200645,100645,15,Savings,2021-02-01,3366395.57,ACTIVE
200646,100646,6,Current,2020-08-06,2040891.22,ACTIVE
200647,100647,44,Current,2020-12-14,4428156.01,ACTIVE
200648,100648,20,Current,2016-11-21,1109891.35,ACTIVE
200649,100649,50,Savings,2022-09-28,3573349.05,ACTIVE
200650,100650,14,Savings,2022-09-24,4407876.49,ACTIVE
200651,100651,2,Current,2016-01-27,3656716.94,ACTIVE
200652,100652,9,Salary,2018-09-29,3486528.46,ACTIVE
200653,100653,37,Savings,2022-02-19,3763315.15,ACTIVE
200654,100654,20,Savings,2019-02-13,2325543.71,ACTIVE
200655,100655,26,Savings,2022-12-13,4370916.33,ACTIVE
200656,100656,29,Salary,2023-01-18,1017580.66,DORMANT
200657,100657,1,Savings,2022-04-02,637368.39,ACTIVE
200658,100658,35,Savings,2025-03-13,1427901.15,ACTIVE
200659,100659,6,Salary,2025-04-03,2658121.2,ACTIVE
200660,100660,37,Savings,2018-04-30,2553053.7,ACTIVE
200661,100661,5,Savings,2016-07-19,4103083.49,ACTIVE
200662,100662,33,Current,2018-01-27,2023141.0,ACTIVE
200663,100663,49,Salary,2017-08-30,2421979.96,ACTIVE
200664,100664,14,Savings,2016-08-13,67331.73,ACTIVE
200665,100665,12,Savings,2023-04-29,2048991.31,ACTIVE
200666,100666,42,Savings,2019-11-30,3239047.28,ACTIVE
200667,100667,20,Savings,2016-05-30,78033.9,ACTIVE
200668,100668,50,Current,2017-08-18,1404769.38,ACTIVE
200669,100669,24,Savings,2025-07-29,1040177.82,ACTIVE
200670,100670,43,Savings,2016-05-12,210406.15,ACTIVE
200671,100671,34,Savings,2023-06-25,2396560.82,ACTIVE
200672,100672,25,Savings,2022-06-25,909025.6,ACTIVE
200673,100673,50,Savings,2025-05-25,3715536.16,ACTIVE
200674,100674,29,Salary,2022-10-07,4239715.45,ACTIVE
200675,100675,39,Savings,2019-05-07,2728153.12,DORMANT
200676,100676,31,Current,2019-09-18,4908545.86,ACTIVE
200677,100677,47,Current,2016-12-25,2252667.62,DORMANT
200678,100678,43,Savings,2016-07-19,2567084.37,ACTIVE
200679,100679,50,Savings,2017-03-22,4946094.16,ACTIVE
200680,100680,23,Savings,2020-09-03,1158126.41,ACTIVE
200681,100681,44,Savings,2017-12-31,4712758.43,ACTIVE
200682,100682,38,Savings,2017-10-22,214666.36,ACTIVE
200683,100683,20,Savings,2023-07-15,2232211.26,ACTIVE
200684,100684,23,Savings,2019-03-10,350482.56,ACTIVE
200685,100685,45,Current,2022-11-08,3646309.1,ACTIVE
200686,100686,16,Savings,2023-05-31,3042240.47,ACTIVE
200687,100687,50,Current,2023-10-03,3533318.0,CLOSED
200688,100688,42,Savings,2023-11-06,1872714.76,ACTIVE
200689,100689,8,Salary,2022-09-02,1847724.93,ACTIVE
200690,100690,50,Savings,2022-06-02,227073.74,ACTIVE
200691,100691,21,Savings,2024-10-29,1750049.73,ACTIVE
200692,100692,1,Current,2022-04-21,4646477.37,ACTIVE
200693,100693,8,Savings,2017-12-27,1896443.07,CLOSED
200694,100694,29,Savings,2021-02-08,4156922.85,ACTIVE
200695,100695,32,Salary,2024-05-27,4211706.36,ACTIVE
200696,100696,38,Savings,2022-06-29,1866519.16,ACTIVE
200697,100697,5,Savings,2020-01-15,3160127.41,DORMANT
200698,100698,47,Current,2016-05-26,477310.33,ACTIVE
200699,100699,22,Salary,2017-01-16,518841.06,ACTIVE
200700,100700,47,Current,2024-08-13,243763.99,CLOSED
200701,100701,34,Savings,2019-05-10,2905284.96,ACTIVE
200702,100702,1,Current,2019-08-15,2130641.85,DORMANT
200703,100703,26,Savings,2020-02-18,2740387.77,ACTIVE
200704,100704,43,Current,2020-04-01,2605605.42,ACTIVE
200705,100705,10,Salary,2025-03-13,1751339.85,ACTIVE
200706,100706,30,Current,2016-10-04,3387528.34,ACTIVE
200707,100707,50,Salary,2024-07-03,3792630.15,DORMANT
200708,100708,18,Savings,2020-10-16,73633.98,ACTIVE
200709,100709,17,Current,2025-06-16,1036607.88,ACTIVE
200710,100710,26,Current,2022-03-04,3566322.72,ACTIVE
200711,100711,8,Savings,2016-09-22,1933407.55,ACTIVE
200712,100712,47,Salary,2019-04-14,3312588.49,ACTIVE
200713,100713,40,Savings,2021-04-12,1735139.82,ACTIVE
200714,100714,49,Current,2017-07-05,1954080.38,ACTIVE
200715,100715,12,Current,2017-05-14,793815.03,ACTIVE
200716,100716,27,Current,2023-10-16,1291525.98,ACTIVE
200717,100717,8,Savings,2019-01-29,3027256.08,ACTIVE
200718,100718,25,Savings,2019-09-10,2166098.98,ACTIVE
200719,100719,46,Savings,2021-11-28,3871626.26,CLOSED
200720,100720,4,Salary,2020-08-21,4262998.48,DORMANT
200721,100721,33,Savings,2021-11-18,2708461.27,ACTIVE
200722,100722,1,Savings,2018-05-09,3791457.33,ACTIVE
200723,100723,19,Current,2023-10-21,1534869.11,ACTIVE
200724,100724,31,Savings,2018-05-06,2075148.59,ACTIVE
200725,100725,16,Current,2022-11-11,3564031.99,ACTIVE
200726,100726,14,Current,2016-08-26,1931366.86,ACTIVE
200727,100727,48,Salary,2017-03-23,2942730.42,ACTIVE
200728,100728,5,Savings,2022-05-29,927271.21,CLOSED
200729,100729,41,Savings,2024-03-07,2999056.69,ACTIVE
200730,100730,26,Savings,2023-01-20,4307637.78,ACTIVE
200731,100731,28,Savings,2021-12-06,4343263.88,ACTIVE
200732,100732,2,Savings,2016-12-25,3621859.86,ACTIVE
200733,100733,50,Savings,2021-06-04,3728894.02,DORMANT
200734,100734,6,Current,2024-02-13,2789858.26,ACTIVE
200735,100735,9,Current,2023-09-21,2923548.12,ACTIVE
200736,100736,33,Savings,2022-10-13,668686.08,ACTIVE
200737,100737,41,Current,2024-11-02,2219574.01,ACTIVE
200738,100738,25,Salary,2023-12-05,2254156.03,ACTIVE
200739,100739,48,Current,2019-03-22,4792509.93,DORMANT
200740,100740,13,Current,2020-10-15,2155718.77,DORMANT
200741,100741,9,Savings,2022-10-29,2746938.55,ACTIVE
200742,100742,13,Savings,2025-07-04,2666490.37,ACTIVE
200743,100743,31,Savings,2019-07-20,3183990.2,DORMANT
200744,100744,41,Savings,2018-11-29,3741290.04,ACTIVE
200745,100745,11,Salary,2021-11-22,1125596.86,ACTIVE
200746,100746,4,Current,2022-06-13,2643857.73,ACTIVE
200747,100747,34,Savings,2022-12-27,4129675.58,ACTIVE
200748,100748,38,Savings,2019-12-20,2315842.01,ACTIVE
200749,100749,46,Current,2017-06-15,1392648.5,ACTIVE
200750,100750,4,Savings,2022-11-21,3273718.02,ACTIVE
200751,100751,38,Savings,2022-04-23,4118925.1,ACTIVE
200752,100752,19,Salary,2021-07-26,316169.89,ACTIVE
200753,100753,6,Savings,2021-10-29,3884064.02,DORMANT
200754,100754,34,Savings,2024-03-05,4108328.84,CLOSED
200755,100755,18,Savings,2023-02-01,2307883.88,DORMANT
200756,100756,13,Salary,2021-07-31,4916536.63,ACTIVE
200757,100757,41,Savings,2021-07-10,3933648.35,ACTIVE
200758,100758,23,Savings,2025-01-22,3868425.99,ACTIVE
200759,100759,19,Savings,2018-01-06,3739318.95,ACTIVE
200760,100760,45,Savings,2022-11-01,753465.21,ACTIVE
200761,100761,11,Savings,2018-08-11,1086545.82,ACTIVE
200762,100762,1,Current,2023-12-12,2320218.66,ACTIVE
200763,100763,24,Savings,2019-04-04,1320389.75,CLOSED
200764,100764,7,Salary,2018-03-03,2076497.24,ACTIVE
200765,100765,25,Savings,2016-01-07,4442376.32,ACTIVE
200766,100766,21,Savings,2017-04-29,4121722.3,ACTIVE
200767,100767,15,Savings,2016-04-08,3150384.37,CLOSED
200768,100768,1,Savings,2021-03-19,4290672.91,ACTIVE
200769,100769,12,Savings,2023-01-05,3918970.06,DORMANT
200770,100770,7,Savings,2024-12-07,2145210.17,CLOSED
200771,100771,15,Savings,2017-04-28,1005725.23,ACTIVE
200772,100772,21,Current,2024-04-08,2571248.1,ACTIVE
200773,100773,19,Savings,2025-07-05,3681276.3,ACTIVE
200774,100774,29,Current,2018-04-29,2182379.78,ACTIVE
200775,100775,25,Salary,2024-12-19,3334026.16,ACTIVE
200776,100776,33,Savings,2022-11-25,472089.97,ACTIVE
200777,100777,49,Savings,2020-08-25,3740149.68,CLOSED
200778,100778,32,Savings,2020-08-22,4063661.74,CLOSED
200779,100779,49,Savings,2016-07-05,3534335.86,ACTIVE
200780,100780,35,Savings,2019-09-29,4836334.31,ACTIVE
200781,100781,44,Current,2019-12-03,4133346.96,ACTIVE
200782,100782,38,Savings,2022-04-14,4515517.09,ACTIVE
200783,100783,26,Savings,2025-01-14,4667888.63,ACTIVE
200784,100784,11,Current,2023-02-24,4006839.29,ACTIVE
200785,100785,35,Savings,2018-05-19,3371457.08,ACTIVE
200786,100786,8,Current,2016-02-16,29090.05,ACTIVE
200787,100787,46,Savings,2023-03-08,2329395.85,CLOSED
200788,100788,14,Savings,2018-04-04,2856025.91,ACTIVE
200789,100789,10,Savings,2023-09-27,1520499.35,ACTIVE
200790,100790,2,Savings,2019-02-27,1590863.18,ACTIVE
200791,100791,46,Salary,2018-11-08,4805816.5,ACTIVE
200792,100792,9,Savings,2024-11-10,4458608.47,ACTIVE
200793,100793,3,Salary,2016-10-04,4245970.44,ACTIVE
200794,100794,21,Savings,2019-06-14,2030356.0,ACTIVE
200795,100795,26,Savings,2019-05-14,68985.9,ACTIVE
200796,100796,8,Savings,2021-09-06,401571.12,ACTIVE
200797,100797,48,Savings,2022-03-02,1561325.74,ACTIVE
200798,100798,2,Salary,2019-08-19,79206.69,ACTIVE
200799,100799,6,Savings,2024-08-07,86240.33,CLOSED
200800,100800,28,Savings,2016-01-26,4583058.21,ACTIVE
200801,100801,29,Savings,2017-04-11,3530939.43,CLOSED
200802,100802,26,Savings,2023-09-10,1545125.47,ACTIVE
200803,100803,25,Savings,2019-09-27,663656.57,CLOSED
200804,100804,12,Savings,2019-10-30,2558422.77,ACTIVE
200805,100805,5,Current,2020-06-10,27228.13,ACTIVE
200806,100806,34,Savings,2024-02-15,4692099.51,ACTIVE
200807,100807,48,Savings,2022-05-19,2074368.19,ACTIVE
200808,100808,37,Savings,2022-11-28,2011973.61,ACTIVE
200809,100809,15,Savings,2016-04-29,1953272.74,ACTIVE
200810,100810,44,Salary,2025-05-01,347106.99,ACTIVE
200811,100811,36,Savings,2017-12-20,3191792.04,ACTIVE
200812,100812,15,Savings,2018-03-05,3665151.6,ACTIVE
200813,100813,43,Current,2019-09-15,3380788.93,ACTIVE
200814,100814,48,Savings,2025-05-08,692608.25,ACTIVE
200815,100815,23,Savings,2019-10-16,2894411.42,ACTIVE
200816,100816,6,Salary,2023-07-17,2847637.68,ACTIVE
200817,100817,46,Current,2021-05-16,4342119.73,DORMANT
200818,100818,50,Salary,2021-04-27,1895948.73,ACTIVE
200819,100819,44,Savings,2024-12-09,1857743.98,ACTIVE
200820,100820,43,Savings,2016-05-25,3092826.03,CLOSED
200821,100821,45,Savings,2023-03-29,3165546.73,ACTIVE
200822,100822,21,Savings,2017-07-10,2346691.49,ACTIVE
200823,100823,23,Current,2021-05-26,2215575.28,ACTIVE
200824,100824,43,Savings,2017-09-28,2470991.28,ACTIVE
200825,100825,16,Current,2023-01-13,4305295.97,ACTIVE
200826,100826,47,Current,2021-03-01,2306103.92,ACTIVE
200827,100827,15,Savings,2022-01-08,4699688.99,ACTIVE
200828,100828,25,Savings,2019-10-04,2520266.82,DORMANT
200829,100829,36,Current,2021-03-09,4746028.87,ACTIVE
200830,100830,11,Savings,2024-10-16,4164243.09,ACTIVE
200831,100831,15,Current,2025-02-16,1812475.4,ACTIVE
200832,100832,4,Savings,2020-08-22,4318275.29,ACTIVE
200833,100833,21,Savings,2024-04-29,550761.39,ACTIVE
200834,100834,13,Savings,2016-08-17,4625273.35,ACTIVE
200835,100835,22,Salary,2025-05-13,3158401.75,CLOSED
200836,100836,19,Savings,2021-11-04,272426.55,DORMANT
200837,100837,34,Current,2019-05-11,3221461.49,ACTIVE
200838,100838,14,Savings,2022-05-03,4871251.15,ACTIVE
200839,100839,4,Current,2024-02-17,349468.37,ACTIVE
200840,100840,48,Current,2023-08-09,2773661.21,ACTIVE
200841,100841,46,Savings,2019-07-16,3739097.85,ACTIVE
200842,100842,27,Savings,2022-03-24,4051387.8,ACTIVE
200843,100843,29,Current,2022-01-03,2069430.41,ACTIVE
200844,100844,47,Savings,2016-03-17,1021230.71,ACTIVE
200845,100845,28,Current,2018-05-03,212190.22,CLOSED
200846,100846,35,Savings,2022-06-23,2898840.92,ACTIVE
200847,100847,8,Salary,2023-09-08,2264828.9,ACTIVE
200848,100848,16,Current,2019-09-20,4743747.6,ACTIVE
200849,100849,42,Salary,2024-12-18,303494.24,ACTIVE
200850,100850,36,Savings,2024-12-03,3427134.02,ACTIVE
200851,100851,30,Savings,2019-12-19,125318.63,ACTIVE
200852,100852,18,Savings,2016-09-28,857585.17,ACTIVE
200853,100853,2,Savings,2017-09-03,2268168.21,ACTIVE
200854,100854,49,Savings,2019-02-22,2274634.78,ACTIVE
200855,100855,13,Savings,2025-06-05,3428659.86,ACTIVE
200856,100856,4,Current,2016-05-07,4551110.07,ACTIVE
200857,100857,26,Savings,2019-10-21,3195341.28,CLOSED
200858,100858,25,Savings,2020-03-16,4767698.72,ACTIVE
200859,100859,30,Current,2023-01-10,4408137.39,ACTIVE
200860,100860,11,Savings,2021-12-28,2922706.73,ACTIVE
200861,100861,7,Savings,2025-06-12,4169042.86,ACTIVE
200862,100862,31,Salary,2017-11-10,3213066.76,ACTIVE
200863,100863,44,Salary,2022-05-27,393249.88,ACTIVE
200864,100864,10,Savings,2022-10-16,3702953.33,ACTIVE
200865,100865,39,Savings,2020-05-14,474994.75,DORMANT
200866,100866,13,Current,2018-02-06,2970616.86,ACTIVE
200867,100867,31,Savings,2022-09-03,3513349.71,ACTIVE
200868,100868,7,Savings,2017-04-23,333104.78,ACTIVE
200869,100869,49,Savings,2024-10-09,1154357.87,ACTIVE
200870,100870,42,Savings,2024-06-05,4578403.33,ACTIVE
200871,100871,42,Savings,2019-06-16,3081764.3,ACTIVE
200872,100872,36,Savings,2023-11-28,1231806.95,ACTIVE
200873,100873,20,Current,2019-07-12,3453553.52,ACTIVE
200874,100874,4,Salary,2023-12-17,2984083.71,ACTIVE
200875,100875,7,Savings,2016-05-09,2508127.71,ACTIVE
200876,100876,1,Current,2019-01-17,4880946.78,ACTIVE
200877,100877,44,Salary,2020-08-22,3417427.16,ACTIVE
200878,100878,45,Savings,2016-12-21,1877517.83,CLOSED
200879,100879,42,Savings,2021-07-28,4000467.12,ACTIVE
200880,100880,47,Current,2018-08-31,4422974.17,ACTIVE
200881,100881,13,Savings,2020-03-02,626540.19,ACTIVE
200882,100882,22,Current,2021-01-25,1003164.61,ACTIVE
200883,100883,21,Savings,2025-04-20,1081526.93,ACTIVE
200884,100884,22,Salary,2019-05-24,3456213.44,CLOSED
200885,100885,28,Savings,2018-06-04,3015396.26,ACTIVE
200886,100886,9,Savings,2021-11-20,3095148.33,ACTIVE
200887,100887,26,Current,2019-05-23,4703896.11,ACTIVE
200888,100888,9,Savings,2017-12-17,3879669.71,ACTIVE
200889,100889,15,Savings,2017-04-04,640120.65,ACTIVE
200890,100890,10,Savings,2020-03-12,1737861.66,ACTIVE
200891,100891,24,Savings,2024-10-20,2177250.53,ACTIVE
200892,100892,42,Savings,2016-06-02,1980109.96,ACTIVE
200893,100893,8,Salary,2024-09-20,3346708.39,ACTIVE
200894,100894,24,Savings,2018-04-07,4459519.57,ACTIVE
200895,100895,16,Current,2017-01-14,1530604.29,ACTIVE
200896,100896,49,Current,2020-12-22,2759609.74,ACTIVE
200897,100897,26,Salary,2021-09-03,3947152.4,ACTIVE
200898,100898,27,Savings,2016-04-12,2081382.19,ACTIVE
200899,100899,37,Salary,2024-12-16,841006.58,ACTIVE
200900,100900,4,Savings,2021-05-30,2375017.35,ACTIVE
200901,100901,50,Current,2021-08-10,276584.99,ACTIVE
200902,100902,24,Current,2017-09-23,4711946.08,ACTIVE
200903,100903,19,Current,2018-02-18,374568.62,ACTIVE
200904,100904,36,Savings,2019-10-25,2192564.35,DORMANT
200905,100905,39,Current,2021-06-03,2649641.36,ACTIVE
200906,100906,10,Savings,2024-03-19,4926526.51,ACTIVE
200907,100907,25,Current,2021-11-14,830526.11,ACTIVE
200908,100908,18,Salary,2019-06-25,572600.38,ACTIVE
200909,100909,19,Savings,2024-09-11,44026.38,ACTIVE
200910,100910,36,Salary,2019-09-02,778279.4,ACTIVE
200911,100911,10,Savings,2017-08-09,1036761.26,ACTIVE
200912,100912,33,Savings,2024-08-17,3153089.42,ACTIVE
200913,100913,50,Savings,2017-02-06,1098924.1,ACTIVE
200914,100914,5,Savings,2025-03-21,103093.81,ACTIVE
200915,100915,47,Current,2021-10-15,4133178.42,ACTIVE
200916,100916,49,Savings,2023-08-03,1828295.71,ACTIVE
200917,100917,35,Savings,2017-06-27,1768806.58,DORMANT
200918,100918,44,Salary,2018-04-20,1512743.91,ACTIVE
200919,100919,34,Current,2024-02-15,4876878.7,ACTIVE
200920,100920,33,Current,2016-05-29,850992.03,ACTIVE
200921,100921,21,Salary,2021-02-24,4491241.2,ACTIVE
200922,100922,17,Current,2020-05-06,3884128.26,ACTIVE
200923,100923,22,Savings,2024-01-02,382861.54,ACTIVE
200924,100924,48,Savings,2021-11-09,4933652.14,ACTIVE
200925,100925,37,Current,2017-04-19,1357194.13,ACTIVE
200926,100926,15,Savings,2016-01-17,493365.34,ACTIVE
200927,100927,35,Current,2019-06-27,4146656.51,DORMANT
200928,100928,28,Savings,2016-06-29,3533524.33,ACTIVE
200929,100929,7,Savings,2023-09-15,3086285.42,ACTIVE
200930,100930,32,Savings,2025-07-05,780326.33,ACTIVE
200931,100931,11,Current,2022-08-31,2392741.33,ACTIVE
200932,100932,10,Savings,2016-12-22,3902889.86,ACTIVE
200933,100933,9,Current,2019-09-27,1518467.88,ACTIVE
200934,100934,14,Savings,2021-03-27,1558793.3,ACTIVE
200935,100935,13,Savings,2016-07-07,16202.96,DORMANT
200936,100936,25,Salary,2017-02-26,871629.89,DORMANT
200937,100937,2,Current,2021-11-02,4377090.42,DORMANT
200938,100938,35,Savings,2024-08-04,2209011.58,ACTIVE
200939,100939,7,Current,2023-05-23,4921180.38,ACTIVE
200940,100940,21,Savings,2024-05-11,1978841.96,ACTIVE
200941,100941,18,Savings,2019-07-03,3576074.68,ACTIVE
200942,100942,3,Savings,2016-04-02,1409954.26,ACTIVE
200943,100943,42,Current,2022-06-23,1819366.3,ACTIVE
200944,100944,39,Current,2024-07-03,954034.57,ACTIVE
200945,100945,41,Savings,2019-07-02,1735638.31,ACTIVE
200946,100946,49,Salary,2023-03-01,2736413.98,ACTIVE
200947,100947,11,Savings,2018-05-09,4958868.52,CLOSED
200948,100948,39,Savings,2019-08-07,3321176.46,ACTIVE
200949,100949,24,Savings,2018-04-01,996630.15,ACTIVE
200950,100950,46,Savings,2018-02-27,225284.73,ACTIVE
200951,100951,19,Savings,2019-03-19,632219.23,ACTIVE
200952,100952,4,Savings,2019-02-07,2812994.73,CLOSED
200953,100953,26,Current,2021-12-20,3825919.06,ACTIVE
200954,100954,38,Savings,2019-07-31,4702125.83,ACTIVE
200955,100955,42,Savings,2024-08-31,79607.95,ACTIVE
200956,100956,32,Savings,2020-12-11,2614039.33,CLOSED
200957,100957,39,Savings,2023-07-11,2354601.35,ACTIVE
200958,100958,45,Savings,2017-04-26,3280447.08,DORMANT
200959,100959,46,Current,2019-01-21,2798114.48,ACTIVE
200960,100960,36,Savings,2017-09-03,3435352.23,ACTIVE
200961,100961,40,Current,2017-10-07,3290583.88,ACTIVE
200962,100962,37,Salary,2019-01-25,585500.12,DORMANT
200963,100963,33,Savings,2017-04-13,3998689.71,ACTIVE
200964,100964,36,Current,2016-03-03,616601.26,ACTIVE
200965,100965,3,Savings,2022-12-26,3492803.86,ACTIVE
200966,100966,9,Current,2022-04-11,2081018.77,ACTIVE
200967,100967,8,Savings,2021-10-06,2569496.75,ACTIVE
200968,100968,33,Savings,2017-02-23,4516538.42,CLOSED
200969,100969,6,Savings,2018-04-26,4449473.69,ACTIVE
200970,100970,41,Savings,2022-01-31,4089372.6,ACTIVE
200971,100971,39,Savings,2019-12-05,2550986.83,ACTIVE
200972,100972,4,Savings,2022-02-28,3681330.93,ACTIVE
200973,100973,13,Savings,2019-07-28,2564728.83,ACTIVE
200974,100974,49,Salary,2019-01-15,4348095.61,ACTIVE
200975,100975,2,Current,2017-08-02,2014177.78,ACTIVE
200976,100976,5,Savings,2023-11-25,4851191.6,ACTIVE
200977,100977,44,Savings,2025-01-06,4661647.63,ACTIVE
200978,100978,27,Salary,2019-03-06,3708142.3,ACTIVE
200979,100979,32,Current,2022-06-09,1397439.71,ACTIVE
200980,100980,21,Current,2018-09-29,658702.12,CLOSED
200981,100981,8,Savings,2017-12-02,4273589.9,DORMANT
200982,100982,38,Savings,2016-10-18,826928.78,DORMANT
200983,100983,8,Savings,2019-06-29,4271376.81,ACTIVE
200984,100984,50,Savings,2022-11-16,2454079.65,ACTIVE
200985,100985,3,Current,2019-10-19,2033080.64,ACTIVE
200986,100986,44,Current,2022-01-23,4516002.3,ACTIVE
200987,100987,3,Savings,2020-12-22,3019452.99,ACTIVE
200988,100988,22,Salary,2016-07-26,2883281.73,ACTIVE
200989,100989,6,Savings,2017-06-16,2794050.34,ACTIVE
200990,100990,2,Savings,2016-04-28,1856162.0,ACTIVE
200991,100991,23,Savings,2021-04-12,3928322.7,CLOSED
200992,100992,44,Salary,2023-07-29,1264365.82,ACTIVE
200993,100993,2,Savings,2016-07-25,4694505.35,DORMANT
200994,100994,38,Salary,2017-03-09,4469979.03,ACTIVE
200995,100995,17,Current,2020-04-20,1687732.89,ACTIVE
200996,100996,35,Savings,2016-08-08,3647454.12,ACTIVE
200997,100997,34,Savings,2016-12-18,2866329.36,ACTIVE
200998,100998,23,Salary,2020-10-12,1688577.69,CLOSED
200999,100999,30,Savings,2020-05-24,4942613.98,DORMANT
201000,101000,8,Salary,2018-01-03,126674.11,ACTIVE
