customer_id,full_name,date_of_birth,city,state,kyc_status,created_date
100001,Rohan Sharma,2016-09-29,Hyderabad,GJ,VERIFIED,2018-06-10
100002,Amit Mehta,1988-09-29,Bengaluru,DL,PENDING,2021-06-24
100003,Suresh Gupta,1983-11-30,Bengaluru,MH,VERIFIED,2018-11-11
100004,Rohan Malhotra,2016-04-30,Pune,TS,VERIFIED,2023-09-07
100005,Aditya Chopra,2002-05-17,Ahmedabad,MH,VERIFIED,2022-11-29
100006,Kavya Sharma,1967-09-20,Indore,TS,VERIFIED,2019-06-19
100007,Aarav Verma,2009-09-06,Mumbai,TS,VERIFIED,2023-04-02
100008,Rahul Mehta,2013-12-12,Pune,TS,PENDING,2016-07-19
100009,Priya Chopra,1990-12-27,Mumbai,TN,VERIFIED,2024-08-03
100010,Aarav Malhotra,1992-02-08,Ahmedabad,KA,VERIFIED,2024-09-08
100011,Rahul Malhotra,2008-04-30,Bengaluru,RJ,VERIFIED,2022-05-24
100012,Kavya Mehta,1986-12-21,Chennai,TN,PENDING,2016-05-02
100013,Riya Chopra,2001-06-07,Kolkata,MH,VERIFIED,2023-05-22
100014,Amit Sharma,1991-09-08,Jaipur,MP,VERIFIED,2017-07-30
100015,Karan Reddy,2005-09-09,Jaipur,WB,VERIFIED,2020-01-04
100016,Neha Patel,1971-07-20,Ahmedabad,MH,VERIFIED,2023-10-13
100017,Arjun Mehta,1970-05-18,Kolkata,KA,VERIFIED,2022-11-04
100018,Neha Verma,1979-03-08,Ahmedabad,MH,VERIFIED,2025-08-24
100019,Aditya Reddy,2004-06-09,Kolkata,GJ,VERIFIED,2016-10-24
100020,Rohan Iyer,2002-04-16,Ahmedabad,TS,VERIFIED,2016-02-15
100021,Ananya Chopra,2008-06-11,Ahmedabad,TS,VERIFIED,2017-05-28
100022,Amit Sharma,2006-09-01,Bengaluru,WB,VERIFIED,2020-09-13
100023,Riya Malhotra,1983-04-22,Delhi,WB,VERIFIED,2019-06-29
100024,Rohan Reddy,1995-07-10,Indore,WB,VERIFIED,2023-10-25
100025,Aditya Malhotra,2019-06-06,Mumbai,MH,VERIFIED,2018-10-18
100026,Vikram Chopra,1977-11-21,Chennai,MP,VERIFIED,2023-12-25
100027,Ananya Chopra,1993-01-16,Hyderabad,MP,VERIFIED,2021-03-05
100028,Rahul Verma,1993-08-25,Mumbai,TN,VERIFIED,2021-11-20
100029,Vihaan Mehta,1995-12-27,Hyderabad,MH,VERIFIED,2022-10-26
100030,Vikram Verma,2000-10-09,Chennai,TN,VERIFIED,2022-09-04
100031,Suresh Verma,1976-09-24,Jaipur,RJ,VERIFIED,2022-12-05
100032,Pooja Patel,1998-03-30,Hyderabad,GJ,VERIFIED,2015-08-02
100033,Riya Iyer,2011-03-15,Bengaluru,MH,VERIFIED,2016-10-20
100034,Karan Iyer,2015-05-23,Ahmedabad,RJ,PENDING,2019-05-13
100035,Ananya Mehta,1974-07-12,Indore,TS,PENDING,2025-10-25
100036,Amit Verma,1993-08-18,Ahmedabad,KA,VERIFIED,2022-02-17
100037,Isha Gupta,1986-09-09,Jaipur,RJ,VERIFIED,2015-01-22
100038,Nisha Mehta,2006-11-07,Jaipur,KA,VERIFIED,2024-01-08
100039,Karan Khan,1975-12-29,Delhi,TS,VERIFIED,2016-01-09
100040,Pooja Patel,1988-12-30,Indore,DL,VERIFIED,2024-03-26
100041,Nisha Mehta,2005-05-03,Delhi,GJ,VERIFIED,2016-08-18
100042,Neha Sharma,1987-03-30,Hyderabad,KA,VERIFIED,2020-04-15
100043,Suresh Sharma,1977-08-22,Jaipur,TS,VERIFIED,2025-05-20
100044,Neha Reddy,1973-09-08,Pune,RJ,PENDING,2021-09-24
100045,Amit Verma,1969-07-17,Jaipur,KA,VERIFIED,2019-11-19
100046,Rahul Chopra,1991-01-14,Mumbai,MH,VERIFIED,2015-12-28
100047,Neha Mehta,1999-06-19,Ahmedabad,DL,VERIFIED,2015-09-20
100048,Sneha Reddy,2002-07-07,Jaipur,TN,VERIFIED,2017-12-13
100049,Riya Gupta,1987-04-11,Chennai,MH,VERIFIED,2017-06-27
100050,Amit Gupta,1979-05-01,Kolkata,TN,VERIFIED,2019-02-27
100051,Suresh Malhotra,1994-05-18,Delhi,TS,PENDING,2015-11-24
100052,Nisha Patel,2016-10-29,Chennai,WB,VERIFIED,2021-10-30
100053,Meera Reddy,1993-01-21,Hyderabad,MH,PENDING,2015-06-04
100054,Meera Reddy,1982-01-12,Mumbai,MH,PENDING,2023-02-15
100055,Ananya Mehta,1979-04-19,Ahmedabad,TS,VERIFIED,2019-04-24
100056,Arjun Malhotra,2009-09-14,Hyderabad,MP,PENDING,2025-06-09
100057,Sneha Verma,2011-03-07,Pune,TS,VERIFIED,2019-06-30
100058,Vihaan Verma,2006-11-18,Delhi,GJ,VERIFIED,2021-11-19
100059,Arjun Gupta,2009-09-30,Ahmedabad,DL,VERIFIED,2022-05-11
100060,Kavya Chopra,1992-09-06,Delhi,GJ,VERIFIED,2020-11-04
100061,Aditya Reddy,2009-08-15,Chennai,MH,VERIFIED,2018-03-19
100062,Pooja Chopra,1967-01-30,Chennai,MP,VERIFIED,2022-12-24
100063,Riya Malhotra,1973-01-29,Indore,MP,VERIFIED,2025-10-21
100064,Amit Malhotra,2000-04-12,Pune,MP,VERIFIED,2021-09-13
100065,Aarav Verma,2010-05-07,Indore,DL,VERIFIED,2015-08-24
100066,Nisha Patel,2006-01-08,Kolkata,GJ,VERIFIED,2025-08-09
100067,Neha Verma,1986-08-07,Bengaluru,TN,VERIFIED,2023-09-04
100068,Vikram Reddy,1984-04-20,Indore,RJ,VERIFIED,2024-03-13
100069,Karan Khan,2017-05-03,Bengaluru,DL,VERIFIED,2016-12-18
100070,Aarav Patel,1996-08-29,Chennai,WB,PENDING,2022-03-07
100071,Priya Gupta,1969-05-14,Chennai,RJ,VERIFIED,2020-07-17
100072,Priya Verma,1969-07-15,Mumbai,TS,VERIFIED,2019-12-04
100073,Vikram Malhotra,1990-03-30,Indore,WB,VERIFIED,2015-02-13
100074,Isha Mehta,2009-05-26,Pune,MH,VERIFIED,2017-04-06
100075,Arjun Iyer,2018-08-10,Jaipur,KA,VERIFIED,2024-07-15
100076,Karan Malhotra,2007-03-22,Hyderabad,KA,VERIFIED,2022-05-14
100077,Priya Sharma,1990-08-21,Indore,TN,VERIFIED,2025-06-09
100078,Isha Iyer,2013-02-24,Jaipur,MH,VERIFIED,2024-01-06
100079,Sneha Sharma,1965-09-25,Bengaluru,WB,VERIFIED,2020-10-23
100080,Rohan Iyer,1974-08-24,Pune,MP,VERIFIED,2018-03-17
100081,Vikram Mehta,2003-08-30,Hyderabad,GJ,PENDING,2017-03-08
100082,Vihaan Mehta,1977-01-06,Hyderabad,KA,VERIFIED,2015-05-18
100083,Meera Verma,1988-09-23,Indore,MH,VERIFIED,2023-10-17
100084,Aditya Khan,1997-10-25,Hyderabad,KA,VERIFIED,2021-09-21
100085,Aditya Malhotra,2001-03-06,Jaipur,DL,VERIFIED,2020-09-22
100086,Arjun Gupta,1997-10-31,Delhi,GJ,VERIFIED,2020-10-13
100087,Sneha Malhotra,1969-01-22,Bengaluru,MH,VERIFIED,2022-10-31
100088,Karan Patel,2000-12-09,Kolkata,KA,VERIFIED,2017-08-06
100089,Priya Chopra,1969-08-04,Mumbai,MH,PENDING,2021-11-24
100090,Kavya Mehta,2016-02-29,Hyderabad,MH,VERIFIED,2016-11-25
100091,Nisha Mehta,2015-05-28,Bengaluru,MH,VERIFIED,2022-07-23
100092,Vikram Reddy,1982-06-19,Bengaluru,GJ,VERIFIED,2015-05-28
100093,Ananya Khan,1997-07-11,Chennai,TS,VERIFIED,2019-01-13
100094,Priya Khan,2014-08-20,Bengaluru,TN,VERIFIED,2017-09-06
100095,Rohan Mehta,1990-11-22,Pune,KA,VERIFIED,2022-05-06
100096,Suresh Verma,1971-08-07,Chennai,MP,VERIFIED,2015-01-02
100097,Neha Sharma,1999-08-30,Kolkata,KA,VERIFIED,2025-12-10
100098,Meera Malhotra,2010-03-29,Ahmedabad,GJ,VERIFIED,2016-10-06
100099,Suresh Chopra,2005-05-28,Bengaluru,DL,VERIFIED,2015-12-22
100100,Suresh Sharma,2014-05-01,Indore,KA,VERIFIED,2018-02-04
100101,Aditya Sharma,1990-02-04,Hyderabad,MP,VERIFIED,2023-09-29
100102,Suresh Verma,1975-08-30,Kolkata,WB,VERIFIED,2019-06-25
100103,Vihaan Iyer,1976-07-18,Kolkata,WB,VERIFIED,2018-12-17
100104,Aditya Malhotra,1973-09-04,Ahmedabad,WB,VERIFIED,2022-07-05
100105,Suresh Patel,2000-05-04,Delhi,WB,PENDING,2019-06-07
100106,Sneha Mehta,1998-06-25,Delhi,GJ,VERIFIED,2019-07-19
100107,Nisha Gupta,1995-06-04,Kolkata,WB,VERIFIED,2021-07-28
100108,Meera Chopra,2015-01-18,Jaipur,MH,VERIFIED,2017-03-31
100109,Sneha Mehta,1997-10-20,Hyderabad,MH,VERIFIED,2020-10-21
100110,Sneha Reddy,1977-12-11,Pune,RJ,VERIFIED,2015-03-04
100111,Rahul Verma,1982-11-10,Ahmedabad,TN,VERIFIED,2023-04-07
100112,Rohan Reddy,2019-01-19,Ahmedabad,MH,VERIFIED,2022-11-22
100113,Ananya Reddy,2010-09-04,Pune,MH,PENDING,2015-10-09
100114,Kavya Khan,2001-01-04,Indore,MH,VERIFIED,2025-04-22
100115,Vihaan Verma,2009-11-12,Mumbai,RJ,VERIFIED,2016-01-05
100116,Vihaan Reddy,1968-08-12,Delhi,TN,PENDING,2021-03-01
100117,Neha Verma,1969-01-24,Ahmedabad,MH,VERIFIED,2018-03-11
100118,Suresh Mehta,1968-06-29,Pune,MH,VERIFIED,2023-02-22
100119,Rahul Malhotra,1977-04-18,Delhi,TN,PENDING,2024-04-21
100120,Riya Gupta,1994-11-18,Jaipur,TN,VERIFIED,2021-04-09
100121,Kavya Gupta,2007-07-03,Kolkata,MH,VERIFIED,2025-04-05
100122,Amit Khan,2011-08-05,Chennai,TS,PENDING,2021-07-15
100123,Suresh Verma,2005-12-31,Kolkata,KA,VERIFIED,2018-11-26
100124,Riya Malhotra,1978-05-13,Chennai,DL,VERIFIED,2018-11-24
100125,Rohan Sharma,2019-05-23,Ahmedabad,WB,VERIFIED,2025-10-20
100126,Nisha Sharma,2011-04-02,Hyderabad,RJ,VERIFIED,2024-02-23
100127,Aditya Mehta,1977-07-17,Pune,MP,VERIFIED,2018-02-06
100128,Karan Reddy,1994-06-04,Hyderabad,TS,PENDING,2017-07-15
100129,Sneha Khan,1993-07-30,Pune,KA,VERIFIED,2021-10-19
100130,Rahul Reddy,1979-07-31,Jaipur,DL,VERIFIED,2025-10-19
100131,Vihaan Gupta,2000-04-03,Indore,MH,VERIFIED,2017-03-07
100132,Pooja Sharma,1991-11-06,Bengaluru,TS,VERIFIED,2020-02-06
100133,Pooja Patel,2018-04-08,Indore,TS,VERIFIED,2025-06-05
100134,Riya Patel,1995-03-07,Ahmedabad,GJ,VERIFIED,2019-07-13
100135,Kavya Malhotra,2010-07-07,Pune,RJ,PENDING,2021-06-12
100136,Sneha Gupta,2010-09-24,Mumbai,MP,VERIFIED,2015-01-20
100137,Rahul Patel,2012-10-04,Mumbai,RJ,VERIFIED,2017-12-05
100138,Rahul Sharma,2008-12-12,Delhi,MH,VERIFIED,2016-12-17
100139,Meera Malhotra,2015-07-03,Ahmedabad,WB,VERIFIED,2019-07-26
100140,Vihaan Iyer,1991-11-24,Mumbai,KA,PENDING,2020-09-04
100141,Vihaan Sharma,2007-08-10,Delhi,MH,PENDING,2016-03-12
100142,Meera Khan,1966-06-30,Bengaluru,GJ,VERIFIED,2021-04-07
100143,Priya Malhotra,1998-01-18,Ahmedabad,MH,VERIFIED,2015-10-24
100144,Karan Sharma,1994-09-20,Ahmedabad,TN,VERIFIED,2020-08-22
100145,Priya Verma,1974-11-01,Mumbai,KA,VERIFIED,2018-04-20
100146,Karan Verma,2002-05-16,Kolkata,WB,VERIFIED,2018-10-24
100147,Isha Verma,2017-05-14,Chennai,MH,VERIFIED,2025-08-14
100148,Suresh Reddy,1992-08-08,Bengaluru,TN,VERIFIED,2016-04-24
100149,Rohan Chopra,1967-05-24,Hyderabad,TN,VERIFIED,2024-01-02
100150,Suresh Chopra,2018-07-21,Bengaluru,KA,VERIFIED,2020-10-03
100151,Isha Sharma,2007-07-31,Hyderabad,TN,PENDING,2025-09-23
100152,Isha Verma,1988-10-27,Delhi,MH,VERIFIED,2017-11-21
100153,Kavya Chopra,2016-11-24,Pune,MP,VERIFIED,2024-10-28
100154,Meera Malhotra,2016-10-27,Hyderabad,RJ,VERIFIED,2021-01-12
100155,Neha Patel,1985-06-01,Delhi,KA,PENDING,2024-02-13
100156,Rahul Iyer,1969-08-10,Pune,DL,VERIFIED,2023-11-24
100157,Suresh Patel,2017-05-08,Bengaluru,MH,VERIFIED,2021-06-12
100158,Pooja Gupta,2008-02-08,Mumbai,MH,VERIFIED,2017-10-21
100159,Vikram Khan,1980-04-19,Kolkata,WB,VERIFIED,2022-10-14
100160,Neha Verma,2012-01-13,Hyderabad,TS,VERIFIED,2019-12-19
100161,Aarav Khan,1999-02-10,Chennai,RJ,VERIFIED,2025-10-31
100162,Isha Chopra,1978-04-05,Kolkata,MP,VERIFIED,2019-03-25
100163,Rohan Verma,1986-09-24,Delhi,MH,VERIFIED,2021-04-25
100164,Nisha Mehta,1967-11-01,Delhi,MP,VERIFIED,2020-06-03
100165,Priya Patel,2016-05-14,Mumbai,MH,VERIFIED,2023-08-20
100166,Arjun Iyer,1974-11-11,Chennai,DL,VERIFIED,2017-09-23
100167,Aditya Mehta,1982-02-12,Ahmedabad,MH,VERIFIED,2023-06-30
100168,Ananya Patel,1966-09-13,Delhi,MH,VERIFIED,2018-10-23
100169,Karan Khan,2004-07-26,Bengaluru,DL,VERIFIED,2025-10-12
100170,Nisha Patel,1993-02-22,Indore,WB,VERIFIED,2023-09-12
100171,Isha Malhotra,2002-07-28,Chennai,GJ,VERIFIED,2020-02-23
100172,Aarav Malhotra,1978-08-03,Jaipur,WB,VERIFIED,2022-08-23
100173,Vikram Verma,2002-01-18,Ahmedabad,DL,VERIFIED,2020-03-02
100174,Arjun Patel,1983-04-18,Mumbai,RJ,VERIFIED,2025-01-20
100175,Rohan Verma,2001-10-26,Mumbai,TS,VERIFIED,2021-07-31
100176,Nisha Gupta,2010-01-08,Pune,GJ,VERIFIED,2024-08-31
100177,Amit Patel,2007-04-24,Delhi,KA,VERIFIED,2015-04-23
100178,Isha Mehta,1970-08-03,Kolkata,TN,VERIFIED,2020-05-28
100179,Neha Mehta,1977-05-22,Bengaluru,MH,PENDING,2016-04-21
100180,Amit Malhotra,2011-07-15,Ahmedabad,TS,VERIFIED,2017-11-22
100181,Sneha Patel,1983-08-09,Delhi,WB,VERIFIED,2015-10-04
100182,Vihaan Verma,2015-04-28,Chennai,DL,VERIFIED,2019-04-17
100183,Kavya Patel,1994-03-01,Kolkata,RJ,PENDING,2022-02-08
100184,Vihaan Sharma,2007-12-02,Delhi,TS,PENDING,2023-11-05
100185,Neha Gupta,2012-02-22,Delhi,MP,VERIFIED,2017-06-21
100186,Amit Gupta,1998-10-22,Delhi,MP,VERIFIED,2022-08-04
100187,Riya Malhotra,1993-02-24,Pune,KA,VERIFIED,2022-11-12
100188,Kavya Malhotra,1980-07-15,Pune,WB,VERIFIED,2017-07-30
100189,Aarav Verma,2006-03-29,Hyderabad,DL,VERIFIED,2023-12-22
100190,Aditya Gupta,2012-10-30,Bengaluru,RJ,VERIFIED,2018-07-17
100191,Nisha Sharma,1995-09-18,Kolkata,MP,VERIFIED,2019-08-17
100192,Ananya Chopra,2014-01-04,Bengaluru,DL,PENDING,2025-09-18
100193,Nisha Gupta,1996-10-14,Bengaluru,TS,PENDING,2018-12-17
100194,Kavya Gupta,1988-09-19,Delhi,DL,VERIFIED,2020-10-16
100195,Vihaan Patel,2019-09-25,Jaipur,DL,VERIFIED,2021-01-03
100196,Ananya Sharma,2008-06-09,Indore,GJ,VERIFIED,2015-02-09
100197,Ananya Mehta,1982-04-02,Mumbai,TN,VERIFIED,2022-11-10
100198,Suresh Verma,1987-02-12,Indore,MP,PENDING,2024-05-01
100199,Ananya Malhotra,1990-01-12,Bengaluru,TN,PENDING,2017-12-14
100200,Kavya Chopra,2015-01-26,Ahmedabad,TS,VERIFIED,2017-10-13
100201,Arjun Mehta,1991-10-13,Pune,RJ,VERIFIED,2018-03-22
100202,Karan Gupta,1985-03-05,Chennai,TN,VERIFIED,2016-01-16
100203,Kavya Sharma,1991-09-14,Bengaluru,MH,VERIFIED,2019-06-23
100204,Karan Iyer,1990-12-06,Kolkata,WB,PENDING,2022-07-22
100205,Kavya Mehta,1983-08-07,Indore,TS,VERIFIED,2023-05-26
100206,Amit Gupta,2008-11-14,Ahmedabad,KA,VERIFIED,2024-03-17
100207,Rohan Reddy,1993-06-11,Chennai,MH,VERIFIED,2018-11-01
100208,Vihaan Khan,2008-01-18,Delhi,RJ,VERIFIED,2015-11-08
100209,Suresh Mehta,1996-04-17,Delhi,GJ,VERIFIED,2021-03-21
100210,Riya Iyer,2015-04-15,Bengaluru,TN,VERIFIED,2025-06-11
100211,Vikram Mehta,1989-07-14,Delhi,GJ,VERIFIED,2017-01-01
100212,Suresh Sharma,1990-10-27,Indore,MH,VERIFIED,2020-05-05
100213,Rahul Reddy,1975-12-08,Kolkata,TN,VERIFIED,2018-07-09
100214,Neha Patel,2016-06-13,Pune,MH,VERIFIED,2018-12-19
100215,Aditya Patel,2013-09-25,Kolkata,MH,VERIFIED,2017-06-14
100216,Ananya Malhotra,1999-01-24,Pune,DL,VERIFIED,2025-01-11
100217,Pooja Malhotra,2000-05-25,Bengaluru,DL,VERIFIED,2021-06-07
100218,Neha Sharma,1995-12-19,Chennai,MP,VERIFIED,2018-01-07
100219,Rohan Patel,1978-02-21,Hyderabad,GJ,VERIFIED,2017-01-18
100220,Karan Chopra,1991-01-22,Delhi,KA,VERIFIED,2025-08-15
100221,Amit Sharma,1968-10-10,Chennai,DL,VERIFIED,2023-05-15
100222,Rohan Chopra,1990-10-22,Jaipur,RJ,VERIFIED,2022-08-30
100223,Kavya Iyer,1972-02-03,Indore,DL,VERIFIED,2025-06-07
100224,Neha Reddy,1996-01-28,Indore,DL,VERIFIED,2025-03-16
100225,Isha Malhotra,2004-09-08,Indore,TS,VERIFIED,2017-02-17
100226,Rohan Reddy,1988-01-04,Hyderabad,TN,VERIFIED,2020-08-05
100227,Meera Mehta,2007-12-25,Mumbai,GJ,PENDING,2023-04-08
100228,Amit Sharma,1984-03-13,Hyderabad,TS,VERIFIED,2017-03-28
100229,Kavya Sharma,1983-02-17,Chennai,TS,PENDING,2017-08-19
100230,Priya Malhotra,2013-04-27,Jaipur,GJ,VERIFIED,2023-04-01
100231,Rahul Iyer,1989-04-29,Indore,MH,VERIFIED,2017-09-18
100232,Kavya Verma,2015-06-04,Jaipur,DL,VERIFIED,2024-10-14
100233,Neha Chopra,1989-05-15,Chennai,KA,VERIFIED,2017-12-23
100234,Neha Verma,1977-04-26,Kolkata,MH,VERIFIED,2017-04-26
100235,Vikram Malhotra,1974-10-20,Hyderabad,TS,VERIFIED,2017-07-27
100236,Vikram Reddy,2017-08-25,Mumbai,MH,VERIFIED,2017-04-10
100237,Neha Reddy,1986-06-20,Chennai,MH,VERIFIED,2024-05-12
100238,Vikram Malhotra,1986-10-02,Ahmedabad,WB,VERIFIED,2017-10-19
100239,Arjun Mehta,1969-07-22,Kolkata,DL,VERIFIED,2024-05-18
100240,Kavya Reddy,2012-08-23,Delhi,DL,VERIFIED,2021-12-08
100241,Karan Chopra,1985-03-31,Chennai,MH,PENDING,2018-12-29
100242,Meera Patel,1985-11-21,Ahmedabad,MH,PENDING,2016-09-30
100243,Pooja Malhotra,1969-09-17,Indore,KA,PENDING,2023-09-26
100244,Aarav Patel,1973-12-28,Delhi,KA,VERIFIED,2016-03-12
100245,Vikram Mehta,2002-01-30,Jaipur,MH,VERIFIED,2016-05-06
100246,Kavya Chopra,1994-08-20,Mumbai,MH,PENDING,2025-04-27
100247,Isha Iyer,2007-05-20,Pune,GJ,VERIFIED,2015-11-18
100248,Riya Khan,1974-01-08,Pune,MP,PENDING,2022-07-31
100249,Riya Mehta,1977-05-02,Bengaluru,TS,PENDING,2025-09-19
100250,Priya Khan,1965-06-19,Kolkata,DL,PENDING,2022-06-10
100251,Karan Verma,2014-05-17,Indore,MH,VERIFIED,2020-07-10
100252,Vikram Malhotra,1979-03-04,Kolkata,MH,VERIFIED,2021-11-19
100253,Isha Iyer,2001-07-04,Pune,KA,PENDING,2015-01-28
100254,Aditya Mehta,2007-09-05,Jaipur,DL,VERIFIED,2023-07-28
100255,Vikram Mehta,2007-11-02,Bengaluru,WB,VERIFIED,2024-08-11
100256,Rahul Gupta,1982-11-23,Ahmedabad,WB,VERIFIED,2021-01-26
100257,Aarav Sharma,1990-10-09,Delhi,GJ,PENDING,2025-09-28
100258,Suresh Khan,1993-10-25,Mumbai,TS,VERIFIED,2015-06-23
100259,Isha Verma,1990-08-10,Indore,WB,VERIFIED,2024-07-05
100260,Riya Reddy,1970-04-23,Delhi,GJ,VERIFIED,2020-05-29
100261,Meera Mehta,1973-01-10,Mumbai,WB,VERIFIED,2019-03-01
100262,Pooja Khan,2016-07-05,Hyderabad,KA,PENDING,2021-12-17
100263,Pooja Mehta,1985-11-01,Chennai,DL,VERIFIED,2018-07-15
100264,Arjun Sharma,2013-01-04,Mumbai,KA,VERIFIED,2020-07-09
100265,Rohan Reddy,1968-05-07,Mumbai,MH,PENDING,2025-01-26
100266,Suresh Gupta,1980-09-15,Kolkata,KA,VERIFIED,2024-11-17
100267,Priya Khan,2002-06-29,Jaipur,DL,VERIFIED,2025-01-22
100268,Vihaan Malhotra,1980-10-09,Hyderabad,WB,VERIFIED,2021-06-11
100269,Suresh Verma,1968-04-05,Jaipur,MP,VERIFIED,2024-09-28
100270,Riya Gupta,2000-08-13,Kolkata,GJ,VERIFIED,2018-01-30
100271,Riya Malhotra,2009-06-11,Kolkata,MP,VERIFIED,2020-07-03
100272,Nisha Chopra,1981-09-19,Kolkata,GJ,VERIFIED,2017-01-19
100273,Neha Khan,1990-12-21,Delhi,KA,PENDING,2023-07-28
100274,Isha Malhotra,1968-05-12,Jaipur,MP,PENDING,2025-04-09
100275,Kavya Malhotra,1965-10-31,Jaipur,WB,VERIFIED,2020-09-24
100276,Riya Gupta,1991-10-09,Indore,MH,VERIFIED,2018-02-21
100277,Sneha Khan,2015-12-15,Bengaluru,MP,VERIFIED,2019-06-18
100278,Amit Mehta,2019-01-29,Hyderabad,MH,VERIFIED,2017-06-28
100279,Amit Malhotra,1974-08-18,Delhi,KA,VERIFIED,2023-05-31
100280,Sneha Mehta,1995-01-22,Hyderabad,GJ,VERIFIED,2021-06-20
100281,Amit Khan,1990-07-13,Delhi,GJ,PENDING,2016-06-09
100282,Aditya Patel,2005-10-06,Jaipur,DL,VERIFIED,2015-08-10
100283,Suresh Patel,2013-09-28,Chennai,WB,VERIFIED,2020-11-23
100284,Neha Iyer,2012-01-15,Bengaluru,GJ,VERIFIED,2023-12-18
100285,Nisha Verma,2009-04-24,Jaipur,MH,VERIFIED,2019-09-30
100286,Arjun Gupta,1977-01-15,Pune,DL,VERIFIED,2020-05-13
100287,Suresh Reddy,2010-03-28,Kolkata,TS,VERIFIED,2025-07-15
100288,Arjun Mehta,2006-12-28,Indore,MH,VERIFIED,2021-01-23
100289,Aditya Reddy,1989-06-24,Delhi,MH,VERIFIED,2015-05-14
100290,Kavya Iyer,1982-04-20,Hyderabad,RJ,VERIFIED,2020-08-20
100291,Nisha Khan,1975-02-09,Kolkata,MP,VERIFIED,2018-11-23
100292,Kavya Sharma,1994-09-01,Chennai,MP,VERIFIED,2019-06-01
100293,Rahul Reddy,1979-07-31,Mumbai,TN,VERIFIED,2024-08-25
100294,Pooja Chopra,2006-03-04,Chennai,MH,VERIFIED,2022-09-12
100295,Aarav Chopra,1988-01-31,Delhi,RJ,VERIFIED,2023-09-14
100296,Pooja Khan,1981-09-15,Kolkata,RJ,VERIFIED,2016-12-16
100297,Aarav Iyer,1966-04-07,Delhi,MP,VERIFIED,2020-02-16
100298,Vikram Reddy,1995-03-31,Ahmedabad,DL,VERIFIED,2025-12-13
100299,Kavya Malhotra,1991-06-21,Indore,WB,VERIFIED,2016-05-08
100300,Nisha Chopra,2015-12-10,Indore,TN,VERIFIED,2022-10-31
100301,Suresh Khan,1982-05-01,Mumbai,GJ,VERIFIED,2020-10-23
100302,Suresh Patel,1980-09-29,Hyderabad,MH,VERIFIED,2020-02-28
100303,Kavya Khan,2001-05-19,Bengaluru,WB,VERIFIED,2018-07-16
100304,Aarav Reddy,2003-05-16,Delhi,KA,VERIFIED,2022-09-24
100305,Neha Reddy,2011-03-25,Mumbai,RJ,VERIFIED,2015-02-04
100306,Karan Khan,1994-06-03,Bengaluru,MP,PENDING,2015-02-18
100307,Arjun Chopra,1972-10-13,Mumbai,MH,VERIFIED,2022-07-24
100308,Nisha Sharma,2000-12-17,Bengaluru,MH,VERIFIED,2017-05-13
100309,Pooja Chopra,1973-07-23,Ahmedabad,KA,VERIFIED,2019-04-04
100310,Meera Sharma,1981-07-30,Pune,RJ,VERIFIED,2021-07-07
100311,Aditya Reddy,1977-08-13,Jaipur,GJ,VERIFIED,2016-02-17
100312,Arjun Khan,2007-11-02,Jaipur,GJ,VERIFIED,2018-08-25
100313,Karan Sharma,1994-01-12,Hyderabad,KA,VERIFIED,2019-01-21
100314,Amit Reddy,1987-04-04,Bengaluru,DL,PENDING,2021-11-14
100315,Neha Mehta,1965-08-12,Pune,GJ,VERIFIED,2024-08-31
100316,Riya Iyer,1988-05-25,Bengaluru,MH,VERIFIED,2017-11-29
100317,Neha Reddy,1999-05-31,Hyderabad,TN,VERIFIED,2017-02-05
100318,Amit Reddy,1986-02-17,Delhi,MH,VERIFIED,2021-02-24
100319,Amit Verma,2005-01-29,Mumbai,TS,VERIFIED,2017-12-12
100320,Sneha Sharma,1988-12-14,Pune,MH,VERIFIED,2017-08-29
100321,Nisha Sharma,1994-07-29,Kolkata,RJ,VERIFIED,2018-01-08
100322,Ananya Mehta,1992-02-03,Hyderabad,TN,VERIFIED,2020-04-14
100323,Aditya Sharma,2017-04-04,Jaipur,RJ,VERIFIED,2025-10-01
100324,Aarav Mehta,2016-05-25,Delhi,WB,VERIFIED,2021-11-16
100325,Rahul Sharma,1966-01-10,Hyderabad,WB,PENDING,2018-11-06
100326,Isha Gupta,1988-06-19,Indore,TN,VERIFIED,2019-02-07
100327,Suresh Gupta,1997-04-04,Delhi,DL,VERIFIED,2017-01-23
100328,Sneha Verma,1986-03-15,Ahmedabad,GJ,VERIFIED,2020-08-04
100329,Meera Mehta,1970-07-29,Ahmedabad,GJ,VERIFIED,2019-10-03
100330,Riya Patel,1975-08-10,Jaipur,MP,VERIFIED,2017-05-12
100331,Ananya Gupta,2006-10-03,Pune,GJ,VERIFIED,2019-09-13
100332,Isha Chopra,1992-07-11,Mumbai,DL,VERIFIED,2022-11-10
100333,Rohan Gupta,1979-05-01,Ahmedabad,GJ,VERIFIED,2023-06-08
100334,Vikram Verma,2001-05-16,Indore,GJ,VERIFIED,2019-03-05
100335,Meera Sharma,2010-01-31,Bengaluru,MH,VERIFIED,2019-02-04
100336,Vikram Chopra,1992-11-25,Pune,DL,VERIFIED,2024-07-31
100337,Pooja Reddy,1975-07-15,Bengaluru,GJ,PENDING,2019-06-29
100338,Rahul Verma,1991-06-21,Hyderabad,MH,VERIFIED,2018-02-19
100339,Meera Mehta,1997-12-22,Delhi,DL,VERIFIED,2020-01-21
100340,Rohan Patel,1984-10-24,Indore,WB,VERIFIED,2017-01-06
100341,Isha Verma,1984-08-29,Delhi,WB,VERIFIED,2021-05-29
100342,Meera Sharma,1976-12-25,Chennai,MH,VERIFIED,2016-06-21
100343,Ananya Malhotra,2007-11-26,Jaipur,RJ,VERIFIED,2021-06-16
100344,Kavya Iyer,1978-09-29,Mumbai,RJ,VERIFIED,2022-09-10
100345,Aditya Malhotra,2005-10-26,Mumbai,MH,VERIFIED,2017-07-25
100346,Neha Sharma,2019-05-06,Mumbai,DL,VERIFIED,2024-02-17
100347,Kavya Khan,1998-07-09,Chennai,MP,VERIFIED,2016-02-14
100348,Rohan Reddy,2002-04-23,Mumbai,MP,VERIFIED,2023-01-31
100349,Ananya Khan,2014-04-11,Ahmedabad,TS,VERIFIED,2018-01-10
100350,Arjun Reddy,2007-03-30,Pune,RJ,VERIFIED,2024-01-07
100351,Karan Malhotra,2013-03-23,Kolkata,RJ,VERIFIED,2017-08-23
100352,Amit Chopra,1984-08-05,Bengaluru,TN,PENDING,2021-03-24
100353,Nisha Khan,1987-03-15,Bengaluru,GJ,VERIFIED,2019-11-06
100354,Riya Reddy,2018-06-15,Mumbai,MH,VERIFIED,2024-08-08
100355,Meera Patel,1972-05-06,Jaipur,MH,VERIFIED,2019-04-10
100356,Neha Mehta,2012-02-23,Kolkata,MH,VERIFIED,2017-03-14
100357,Aditya Patel,2005-01-30,Chennai,TN,VERIFIED,2016-08-20
100358,Riya Mehta,2012-05-21,Pune,GJ,VERIFIED,2023-12-21
100359,Riya Chopra,1997-06-16,Chennai,MH,PENDING,2025-10-03
100360,Isha Reddy,1972-01-04,Kolkata,RJ,VERIFIED,2023-04-14
100361,Neha Sharma,2015-08-13,Pune,MP,VERIFIED,2016-09-04
100362,Sneha Iyer,1975-01-25,Hyderabad,MP,VERIFIED,2020-04-21
100363,Karan Khan,1970-07-17,Delhi,GJ,VERIFIED,2024-01-14
100364,Rahul Iyer,2014-02-18,Indore,MH,VERIFIED,2015-02-09
100365,Amit Iyer,2010-05-08,Pune,GJ,PENDING,2016-12-24
100366,Amit Chopra,1983-02-20,Delhi,DL,VERIFIED,2019-09-23
100367,Amit Malhotra,2016-05-19,Jaipur,DL,PENDING,2020-08-08
100368,Aarav Malhotra,2013-02-23,Mumbai,TN,PENDING,2016-07-04
100369,Rahul Verma,1978-06-12,Bengaluru,MH,VERIFIED,2025-01-06
100370,Suresh Reddy,1979-10-06,Chennai,MH,VERIFIED,2024-07-11
100371,Sneha Malhotra,1994-06-09,Jaipur,MH,VERIFIED,2022-01-27
100372,Suresh Khan,2011-09-07,Mumbai,TS,VERIFIED,2020-10-18
100373,Sneha Khan,2004-08-22,Kolkata,RJ,VERIFIED,2020-12-27
100374,Aarav Verma,1975-06-06,Delhi,RJ,VERIFIED,2023-01-30
100375,Vikram Mehta,1983-06-06,Ahmedabad,MH,VERIFIED,2018-07-17
100376,Pooja Mehta,2017-04-26,Hyderabad,DL,VERIFIED,2023-10-22
100377,Vikram Chopra,2008-11-08,Hyderabad,MH,VERIFIED,2020-06-16
100378,Ananya Khan,1973-02-27,Pune,KA,VERIFIED,2018-05-13
100379,Nisha Malhotra,2010-10-15,Delhi,GJ,VERIFIED,2017-10-24
100380,Ananya Reddy,2004-12-19,Jaipur,KA,VERIFIED,2021-04-21
100381,Nisha Iyer,1969-12-29,Ahmedabad,WB,VERIFIED,2024-08-17
100382,Ananya Khan,2005-09-06,Mumbai,DL,VERIFIED,2021-05-14
100383,Amit Patel,1976-11-02,Pune,TS,VERIFIED,2015-07-15
100384,Amit Mehta,2011-01-18,Chennai,MP,PENDING,2019-06-20
100385,Rohan Mehta,2002-04-09,Hyderabad,TN,VERIFIED,2016-02-10
100386,Neha Verma,2005-12-25,Indore,TN,VERIFIED,2022-09-29
100387,Nisha Gupta,2015-08-05,Hyderabad,DL,VERIFIED,2016-10-31
100388,Rahul Mehta,1970-03-07,Indore,WB,VERIFIED,2015-09-03
100389,Sneha Patel,2015-02-18,Chennai,TN,VERIFIED,2017-06-01
100390,Meera Malhotra,2006-06-26,Ahmedabad,GJ,VERIFIED,2024-02-16
100391,Isha Patel,1992-08-25,Pune,TN,PENDING,2017-11-07
100392,Rohan Mehta,1966-12-15,Indore,MH,VERIFIED,2020-05-05
100393,Vikram Mehta,2000-07-10,Ahmedabad,DL,VERIFIED,2024-05-29
100394,Ananya Gupta,1987-10-31,Chennai,WB,VERIFIED,2022-01-23
100395,Vikram Sharma,1965-04-09,Jaipur,MH,VERIFIED,2016-01-30
100396,Nisha Gupta,1984-07-20,Chennai,MP,PENDING,2020-01-17
100397,Amit Sharma,2016-11-19,Bengaluru,DL,PENDING,2023-05-08
100398,Vihaan Malhotra,1971-07-22,Mumbai,GJ,VERIFIED,2018-10-02
100399,Vikram Gupta,1969-01-24,Kolkata,GJ,VERIFIED,2017-11-30
100400,Sneha Verma,2003-01-05,Mumbai,MP,VERIFIED,2019-01-18
100401,Aarav Chopra,1995-11-29,Chennai,RJ,VERIFIED,2019-01-15
100402,Vikram Khan,1970-09-21,Jaipur,KA,PENDING,2021-04-14
100403,Sneha Khan,2013-07-20,Pune,GJ,VERIFIED,2021-04-02
100404,Neha Gupta,1970-05-29,Mumbai,MH,VERIFIED,2025-06-13
100405,Vihaan Patel,1971-03-12,Pune,RJ,VERIFIED,2024-01-31
100406,Sneha Verma,2007-05-09,Mumbai,MH,PENDING,2017-11-21
100407,Aditya Reddy,1967-11-06,Kolkata,RJ,VERIFIED,2018-11-10
100408,Sneha Verma,1990-10-04,Hyderabad,WB,VERIFIED,2015-03-23
100409,Meera Sharma,2001-09-06,Delhi,MP,PENDING,2019-08-14
100410,Arjun Gupta,1981-02-23,Chennai,GJ,VERIFIED,2016-05-11
100411,Meera Patel,1977-02-24,Jaipur,RJ,VERIFIED,2018-12-09
100412,Aditya Mehta,2002-09-18,Chennai,KA,PENDING,2024-09-22
100413,Rohan Malhotra,1998-08-06,Kolkata,MP,PENDING,2022-08-15
100414,Kavya Chopra,1999-04-26,Ahmedabad,KA,VERIFIED,2025-10-19
100415,Isha Chopra,2005-03-29,Mumbai,KA,VERIFIED,2021-10-16
100416,Suresh Malhotra,1998-11-13,Bengaluru,DL,VERIFIED,2017-03-25
100417,Pooja Khan,1998-09-14,Hyderabad,WB,VERIFIED,2021-06-20
100418,Riya Patel,1972-03-14,Delhi,MP,VERIFIED,2021-06-16
100419,Meera Reddy,2013-05-20,Mumbai,MP,VERIFIED,2022-04-15
100420,Vikram Chopra,1976-12-06,Chennai,MH,VERIFIED,2022-04-12
100421,Isha Sharma,1996-03-14,Jaipur,RJ,VERIFIED,2021-01-14
100422,Isha Verma,1975-08-24,Kolkata,WB,VERIFIED,2016-12-15
100423,Rahul Mehta,1981-01-05,Pune,WB,VERIFIED,2023-10-02
100424,Amit Verma,2013-03-14,Ahmedabad,MP,VERIFIED,2018-03-11
100425,Karan Mehta,2000-04-06,Delhi,TN,VERIFIED,2018-12-25
100426,Karan Malhotra,2012-06-12,Indore,TS,VERIFIED,2018-08-24
100427,Aditya Gupta,1976-06-04,Delhi,WB,VERIFIED,2022-07-20
100428,Aarav Reddy,1984-12-24,Jaipur,MH,PENDING,2020-09-21
100429,Riya Chopra,1965-04-24,Bengaluru,TS,VERIFIED,2020-06-19
100430,Sneha Patel,1967-01-15,Kolkata,GJ,VERIFIED,2023-09-09
100431,Vihaan Mehta,1991-10-08,Delhi,KA,VERIFIED,2023-04-05
100432,Vikram Patel,2006-07-16,Indore,KA,VERIFIED,2020-01-05
100433,Riya Verma,2013-11-05,Indore,WB,VERIFIED,2024-12-22
100434,Suresh Patel,2003-01-19,Mumbai,MP,VERIFIED,2015-11-18
100435,Meera Mehta,2012-09-21,Kolkata,RJ,VERIFIED,2019-04-10
100436,Kavya Verma,1999-01-11,Bengaluru,TS,VERIFIED,2021-11-18
100437,Nisha Mehta,1985-08-09,Chennai,RJ,VERIFIED,2018-03-19
100438,Arjun Patel,1987-03-17,Hyderabad,MH,VERIFIED,2020-03-14
100439,Arjun Verma,2006-04-29,Hyderabad,RJ,VERIFIED,2022-01-31
100440,Vihaan Gupta,1996-01-21,Pune,TN,VERIFIED,2025-09-23
100441,Vikram Chopra,1978-12-02,Kolkata,TN,VERIFIED,2016-08-16
100442,Meera Patel,1989-09-24,Pune,TN,PENDING,2024-09-26
100443,Riya Verma,1981-11-29,Pune,MP,VERIFIED,2016-11-17
100444,Riya Patel,1975-02-15,Ahmedabad,TS,VERIFIED,2022-03-08
100445,Pooja Patel,1967-11-22,Hyderabad,MH,VERIFIED,2024-01-22
100446,Priya Malhotra,2002-08-12,Chennai,KA,PENDING,2025-05-31
100447,Sneha Khan,1966-05-28,Delhi,KA,PENDING,2018-10-13
100448,Aditya Chopra,1986-08-05,Chennai,RJ,VERIFIED,2019-09-24
100449,Vihaan Reddy,1983-06-28,Bengaluru,RJ,VERIFIED,2022-01-29
100450,Neha Chopra,1971-01-14,Indore,MH,VERIFIED,2021-11-13
100451,Amit Sharma,1974-01-20,Delhi,DL,VERIFIED,2021-05-30
100452,Aditya Mehta,2018-04-15,Bengaluru,MH,VERIFIED,2019-07-16
100453,Meera Chopra,1968-01-06,Delhi,RJ,VERIFIED,2024-07-09
100454,Aarav Patel,2005-01-19,Bengaluru,GJ,PENDING,2025-03-04
100455,Meera Sharma,2018-08-19,Ahmedabad,MP,VERIFIED,2015-10-20
100456,Karan Khan,1969-05-15,Ahmedabad,MP,VERIFIED,2015-11-21
100457,Priya Khan,1986-12-16,Pune,WB,VERIFIED,2016-10-25
100458,Amit Gupta,1968-12-20,Kolkata,RJ,VERIFIED,2018-11-08
100459,Meera Reddy,2001-02-02,Delhi,TS,VERIFIED,2017-07-23
100460,Sneha Verma,2004-05-19,Jaipur,WB,VERIFIED,2018-07-08
100461,Sneha Iyer,1986-01-09,Pune,MH,VERIFIED,2018-07-21
100462,Kavya Iyer,2013-06-04,Chennai,RJ,VERIFIED,2022-04-28
100463,Neha Verma,1984-06-29,Ahmedabad,DL,VERIFIED,2018-04-08
100464,Karan Iyer,1970-01-24,Hyderabad,MH,VERIFIED,2022-12-19
100465,Kavya Khan,1977-07-28,Ahmedabad,WB,PENDING,2017-12-31
100466,Vikram Reddy,2010-03-17,Hyderabad,KA,VERIFIED,2021-10-15
100467,Nisha Sharma,1990-12-14,Delhi,MH,VERIFIED,2022-03-25
100468,Riya Verma,1986-01-04,Delhi,MH,PENDING,2019-06-08
100469,Neha Patel,2016-09-07,Bengaluru,TN,VERIFIED,2018-01-16
100470,Neha Verma,1993-08-11,Hyderabad,TS,PENDING,2024-12-14
100471,Pooja Malhotra,2016-10-22,Indore,KA,VERIFIED,2019-12-28
100472,Aarav Malhotra,2018-08-23,Mumbai,TS,PENDING,2023-10-04
100473,Riya Reddy,1993-10-08,Chennai,TS,VERIFIED,2024-09-04
100474,Vihaan Mehta,1986-04-03,Pune,KA,PENDING,2025-07-12
100475,Priya Iyer,1992-01-28,Bengaluru,MH,VERIFIED,2019-01-27
100476,Isha Khan,1977-11-08,Delhi,TS,PENDING,2023-05-22
100477,Riya Sharma,2011-10-07,Chennai,TN,VERIFIED,2021-08-01
100478,Rahul Patel,1984-10-31,Pune,RJ,VERIFIED,2020-11-03
100479,Nisha Gupta,2002-02-07,Kolkata,MH,PENDING,2025-10-29
100480,Vikram Khan,1991-12-17,Jaipur,MH,VERIFIED,2020-01-19
100481,Sneha Verma,1989-09-08,Mumbai,GJ,VERIFIED,2019-08-23
100482,Aarav Chopra,1970-06-21,Hyderabad,DL,VERIFIED,2016-11-16
100483,Suresh Gupta,2014-12-12,Hyderabad,MP,VERIFIED,2017-01-23
100484,Vikram Malhotra,2018-01-30,Bengaluru,RJ,VERIFIED,2024-07-30
100485,Aarav Malhotra,1980-09-17,Mumbai,TN,VERIFIED,2015-04-05
100486,Kavya Verma,2003-04-30,Kolkata,RJ,PENDING,2016-05-27
100487,Suresh Verma,2014-11-14,Ahmedabad,WB,VERIFIED,2023-02-28
100488,Riya Verma,2009-06-19,Jaipur,TN,VERIFIED,2017-08-19
100489,Arjun Khan,1969-03-17,Jaipur,RJ,PENDING,2022-06-04
100490,Vikram Malhotra,1995-11-25,Chennai,TS,PENDING,2017-10-27
100491,Amit Reddy,1999-03-13,Delhi,MH,VERIFIED,2025-07-19
100492,Sneha Khan,2012-01-20,Ahmedabad,WB,VERIFIED,2023-05-05
100493,Suresh Khan,1993-08-06,Delhi,WB,VERIFIED,2022-11-10
100494,Nisha Gupta,2002-05-09,Bengaluru,WB,VERIFIED,2023-05-29
100495,Pooja Mehta,2001-08-17,Delhi,MH,VERIFIED,2015-11-24
100496,Isha Malhotra,1978-05-22,Mumbai,RJ,VERIFIED,2017-05-12
100497,Arjun Verma,1991-11-27,Mumbai,MH,VERIFIED,2016-11-14
100498,Amit Reddy,1998-10-10,Chennai,MH,VERIFIED,2019-06-15
100499,Neha Malhotra,1981-07-01,Bengaluru,TS,PENDING,2016-02-26
100500,Amit Sharma,2013-04-05,Chennai,TN,PENDING,2016-01-27
100501,Vikram Patel,2007-06-26,Kolkata,MP,VERIFIED,2015-09-19
100502,Meera Chopra,1986-08-15,Pune,GJ,VERIFIED,2025-07-04
100503,Sneha Gupta,1985-03-21,Delhi,TN,VERIFIED,2024-11-08
100504,Riya Malhotra,1991-12-25,Indore,MH,VERIFIED,2020-04-22
100505,Sneha Iyer,1977-12-14,Indore,MP,VERIFIED,2021-02-24
100506,Neha Malhotra,2006-07-17,Hyderabad,RJ,VERIFIED,2015-08-09
100507,Nisha Reddy,1970-03-04,Delhi,MP,PENDING,2015-04-18
100508,Riya Iyer,2015-06-16,Mumbai,TN,VERIFIED,2023-08-24
100509,Rahul Mehta,2002-01-09,Delhi,TN,PENDING,2019-06-15
100510,Meera Reddy,2002-05-15,Chennai,TS,VERIFIED,2020-11-16
100511,Suresh Reddy,2014-12-31,Ahmedabad,GJ,VERIFIED,2023-07-31
100512,Vihaan Iyer,2012-07-19,Bengaluru,KA,VERIFIED,2015-12-07
100513,Sneha Reddy,1977-01-11,Delhi,DL,PENDING,2016-03-01
100514,Pooja Gupta,1999-11-06,Pune,KA,PENDING,2017-12-11
100515,Sneha Sharma,1986-10-15,Delhi,KA,VERIFIED,2021-12-06
100516,Arjun Malhotra,1987-11-17,Mumbai,RJ,VERIFIED,2016-09-28
100517,Meera Iyer,1983-03-30,Ahmedabad,DL,VERIFIED,2015-12-12
100518,Rohan Khan,1994-08-19,Mumbai,WB,VERIFIED,2022-05-06
100519,Rohan Malhotra,1972-02-04,Bengaluru,MH,PENDING,2025-06-12
100520,Riya Sharma,2005-05-09,Indore,WB,VERIFIED,2024-12-05
100521,Arjun Reddy,1998-04-17,Kolkata,TS,VERIFIED,2019-05-16
100522,Arjun Verma,1973-04-18,Kolkata,RJ,VERIFIED,2018-06-21
100523,Sneha Patel,2013-01-20,Ahmedabad,TS,PENDING,2017-07-28
100524,Neha Chopra,1982-02-02,Mumbai,KA,VERIFIED,2017-10-10
100525,Pooja Verma,1969-08-16,Kolkata,KA,VERIFIED,2023-04-10
100526,Neha Malhotra,1989-01-31,Kolkata,MP,VERIFIED,2018-03-09
100527,Pooja Iyer,1998-11-03,Bengaluru,TS,VERIFIED,2019-12-21
100528,Sneha Malhotra,2019-04-11,Pune,MH,VERIFIED,2022-01-10
100529,Vihaan Chopra,2019-02-03,Chennai,MH,VERIFIED,2016-06-01
100530,Aditya Mehta,1968-07-19,Bengaluru,GJ,PENDING,2016-06-21
100531,Vikram Mehta,1971-07-13,Hyderabad,KA,VERIFIED,2020-11-27
100532,Aditya Reddy,1981-11-18,Hyderabad,MH,PENDING,2024-05-27
100533,Rohan Verma,2017-09-18,Ahmedabad,KA,PENDING,2016-11-29
100534,Riya Gupta,2015-02-20,Bengaluru,MH,VERIFIED,2015-04-28
100535,Vikram Sharma,1984-06-21,Mumbai,MP,VERIFIED,2015-05-24
100536,Vihaan Iyer,2008-01-04,Indore,MH,PENDING,2022-06-10
100537,Vihaan Patel,1983-09-28,Indore,MP,VERIFIED,2019-01-01
100538,Ananya Iyer,1994-11-15,Indore,TS,VERIFIED,2024-08-25
100539,Kavya Gupta,1992-03-14,Chennai,GJ,VERIFIED,2025-04-06
100540,Suresh Malhotra,1966-05-18,Hyderabad,MP,VERIFIED,2018-08-25
100541,Kavya Chopra,1984-01-02,Ahmedabad,RJ,PENDING,2024-09-09
100542,Karan Gupta,1982-01-18,Kolkata,MH,VERIFIED,2020-05-04
100543,Karan Verma,1975-07-12,Jaipur,DL,VERIFIED,2020-03-28
100544,Isha Reddy,2007-12-20,Ahmedabad,MH,VERIFIED,2025-12-07
100545,Isha Mehta,1986-10-07,Mumbai,RJ,VERIFIED,2024-10-07
100546,Sneha Chopra,2019-03-24,Delhi,TN,VERIFIED,2021-01-23
100547,Arjun Mehta,1983-05-08,Hyderabad,KA,VERIFIED,2025-06-26
100548,Riya Patel,2000-08-01,Kolkata,RJ,VERIFIED,2018-01-20
100549,Riya Patel,1986-06-22,Bengaluru,DL,VERIFIED,2021-02-24
100550,Aarav Khan,2014-07-13,Kolkata,RJ,VERIFIED,2019-12-28
100551,Vikram Malhotra,1993-11-08,Chennai,KA,VERIFIED,2016-07-07
100552,Karan Verma,1990-05-25,Jaipur,WB,PENDING,2025-11-15
100553,Riya Iyer,1999-02-25,Chennai,RJ,VERIFIED,2025-08-20
100554,Meera Patel,2006-10-31,Jaipur,RJ,VERIFIED,2022-10-28
100555,Kavya Patel,2012-11-16,Mumbai,WB,PENDING,2021-01-17
100556,Riya Patel,1997-03-26,Kolkata,DL,VERIFIED,2016-12-26
100557,Rahul Reddy,1992-09-02,Pune,MH,VERIFIED,2021-08-17
100558,Sneha Verma,1988-06-19,Ahmedabad,TN,VERIFIED,2021-09-13
100559,Suresh Reddy,1997-04-07,Jaipur,TN,VERIFIED,2020-02-14
100560,Meera Iyer,2011-01-03,Ahmedabad,MH,VERIFIED,2022-01-28
100561,Meera Patel,2009-08-12,Pune,MH,VERIFIED,2023-05-26
100562,Vikram Sharma,2006-10-23,Indore,MH,VERIFIED,2022-02-17
100563,Pooja Patel,1973-11-06,Jaipur,TS,VERIFIED,2024-11-02
100564,Aarav Chopra,2007-02-14,Pune,TN,VERIFIED,2021-04-29
100565,Vihaan Chopra,1993-09-24,Kolkata,MP,VERIFIED,2019-11-17
100566,Sneha Patel,1983-03-24,Hyderabad,RJ,VERIFIED,2020-11-14
100567,Suresh Chopra,1998-04-05,Bengaluru,GJ,VERIFIED,2022-03-05
100568,Ananya Mehta,1993-01-27,Mumbai,RJ,VERIFIED,2022-03-04
100569,Rahul Chopra,2002-02-19,Pune,MH,PENDING,2020-12-26
100570,Amit Gupta,1969-02-07,Indore,DL,VERIFIED,2018-06-22
100571,Rohan Sharma,2015-06-20,Chennai,MH,VERIFIED,2025-03-11
100572,Vikram Khan,1984-11-07,Mumbai,GJ,VERIFIED,2018-11-23
100573,Vihaan Chopra,1978-02-03,Hyderabad,TN,VERIFIED,2020-05-26
100574,Ananya Gupta,1966-06-16,Mumbai,MP,VERIFIED,2021-01-19
100575,Aditya Patel,1988-05-25,Ahmedabad,MP,PENDING,2017-07-19
100576,Neha Reddy,2014-08-22,Jaipur,TN,PENDING,2024-01-10
100577,Karan Mehta,2017-05-25,Pune,MH,VERIFIED,2016-01-02
100578,Arjun Malhotra,2016-12-16,Indore,MH,PENDING,2019-12-15
100579,Ananya Malhotra,2002-06-19,Chennai,WB,VERIFIED,2018-06-15
100580,Priya Patel,1991-06-26,Bengaluru,DL,VERIFIED,2019-02-07
100581,Karan Patel,1978-09-04,Delhi,WB,VERIFIED,2019-08-16
100582,Sneha Patel,1982-08-08,Chennai,TS,PENDING,2017-11-30
100583,Neha Verma,1994-08-06,Chennai,RJ,VERIFIED,2016-09-29
100584,Riya Verma,1985-08-21,Hyderabad,TS,VERIFIED,2018-05-28
100585,Arjun Mehta,1999-01-29,Jaipur,MH,VERIFIED,2015-02-13
100586,Pooja Malhotra,2016-02-13,Mumbai,RJ,VERIFIED,2015-01-01
100587,Ananya Verma,1987-01-18,Chennai,MH,VERIFIED,2020-11-13
100588,Pooja Sharma,2009-10-18,Indore,RJ,VERIFIED,2024-02-22
100589,Amit Malhotra,2014-05-27,Kolkata,RJ,VERIFIED,2023-07-03
100590,Rohan Khan,1995-04-15,Pune,GJ,VERIFIED,2024-07-05
100591,Ananya Patel,1988-02-02,Bengaluru,GJ,VERIFIED,2016-07-12
100592,Meera Reddy,2008-11-02,Bengaluru,MH,VERIFIED,2018-11-09
100593,Ananya Verma,2009-01-05,Chennai,TS,VERIFIED,2018-03-20
100594,Suresh Khan,2006-05-06,Indore,TN,VERIFIED,2020-04-05
100595,Aarav Chopra,1980-02-04,Pune,MH,PENDING,2020-12-31
100596,Nisha Iyer,1996-08-06,Pune,RJ,VERIFIED,2015-02-04
100597,Isha Mehta,1980-03-09,Indore,DL,VERIFIED,2022-09-18
100598,Aditya Khan,1977-07-23,Mumbai,DL,VERIFIED,2025-05-04
100599,Vikram Reddy,2014-01-13,Pune,KA,VERIFIED,2020-07-07
100600,Rohan Gupta,2008-10-23,Indore,RJ,VERIFIED,2025-08-14
100601,Vihaan Sharma,1981-07-06,Indore,RJ,VERIFIED,2023-06-22
100602,Vikram Khan,2013-08-21,Bengaluru,MH,VERIFIED,2020-05-08
100603,Rohan Verma,1970-04-09,Indore,DL,VERIFIED,2018-05-12
100604,Suresh Malhotra,2012-01-03,Chennai,TN,VERIFIED,2015-02-07
100605,Arjun Reddy,1968-01-14,Ahmedabad,TN,VERIFIED,2023-08-04
100606,Riya Iyer,1971-09-02,Jaipur,WB,VERIFIED,2019-10-30
100607,Nisha Reddy,1969-05-09,Hyderabad,DL,VERIFIED,2023-12-13
100608,Meera Gupta,1965-07-29,Bengaluru,TN,VERIFIED,2018-04-14
100609,Kavya Verma,2001-12-31,Ahmedabad,RJ,VERIFIED,2021-09-11
100610,Sneha Chopra,1977-05-03,Mumbai,WB,VERIFIED,2017-08-05
100611,Kavya Patel,1985-10-06,Delhi,DL,VERIFIED,2023-12-08
100612,Vihaan Iyer,1971-02-06,Mumbai,KA,VERIFIED,2015-01-30
100613,Rahul Khan,1978-07-20,Chennai,MH,VERIFIED,2021-02-23
100614,Riya Mehta,1965-10-27,Indore,GJ,VERIFIED,2019-03-11
100615,Ananya Verma,1984-08-16,Chennai,MH,PENDING,2017-02-11
100616,Ananya Malhotra,2010-05-16,Mumbai,MH,PENDING,2019-08-14
100617,Ananya Sharma,2005-11-29,Jaipur,DL,VERIFIED,2024-11-22
100618,Pooja Patel,1998-06-26,Ahmedabad,DL,VERIFIED,2021-04-15
100619,Rahul Verma,1970-06-04,Mumbai,MH,VERIFIED,2019-11-26
100620,Riya Verma,2008-05-08,Pune,KA,VERIFIED,2019-06-05
100621,Rahul Chopra,2008-10-08,Indore,TS,VERIFIED,2017-10-20
100622,Aarav Sharma,1966-05-31,Chennai,RJ,VERIFIED,2016-10-30
100623,Neha Mehta,1965-08-05,Bengaluru,DL,VERIFIED,2023-01-07
100624,Arjun Chopra,2012-09-30,Pune,MP,VERIFIED,2023-04-08
100625,Rahul Verma,2014-06-29,Bengaluru,TN,VERIFIED,2022-03-30
100626,Nisha Mehta,2001-11-26,Pune,TS,VERIFIED,2019-05-16
100627,Meera Mehta,1966-01-24,Mumbai,WB,VERIFIED,2024-04-16
100628,Suresh Iyer,1966-07-03,Mumbai,WB,VERIFIED,2019-03-30
100629,Arjun Chopra,2012-06-30,Bengaluru,GJ,VERIFIED,2017-06-22
100630,Aarav Patel,1989-08-25,Indore,WB,VERIFIED,2017-12-13
100631,Arjun Gupta,2013-01-24,Bengaluru,WB,VERIFIED,2015-11-21
100632,Nisha Patel,1990-09-21,Delhi,MH,PENDING,2019-09-26
100633,Karan Verma,1966-07-16,Jaipur,MH,VERIFIED,2022-01-05
100634,Aarav Gupta,2010-01-21,Pune,WB,VERIFIED,2017-09-08
100635,Aarav Iyer,2003-08-19,Delhi,DL,VERIFIED,2020-10-17
100636,Suresh Chopra,1981-01-31,Pune,RJ,VERIFIED,2023-07-29
100637,Neha Sharma,1974-08-08,Kolkata,MH,VERIFIED,2023-12-21
100638,Karan Patel,1973-08-23,Indore,MP,VERIFIED,2025-03-16
100639,Vihaan Gupta,2012-01-18,Delhi,DL,VERIFIED,2021-11-16
100640,Kavya Malhotra,1978-05-12,Pune,MP,VERIFIED,2024-01-21
100641,Rohan Verma,1986-08-15,Hyderabad,MH,VERIFIED,2022-10-13
100642,Sneha Khan,1982-03-22,Pune,DL,VERIFIED,2022-09-05
100643,Ananya Malhotra,2012-03-25,Bengaluru,MH,VERIFIED,2018-01-18
100644,Meera Verma,1987-08-25,Bengaluru,RJ,VERIFIED,2018-03-12
100645,Riya Malhotra,1996-10-19,Kolkata,DL,VERIFIED,2022-04-10
100646,Suresh Chopra,1988-12-25,Ahmedabad,TS,PENDING,2023-05-02
100647,Vihaan Malhotra,2000-08-10,Pune,TS,VERIFIED,2020-12-18
100648,Vikram Khan,1972-02-03,Bengaluru,MP,VERIFIED,2024-01-26
100649,Aarav Sharma,1998-06-21,Jaipur,DL,VERIFIED,2018-01-06
100650,Sneha Reddy,2001-06-05,Indore,TS,VERIFIED,2019-08-19
100651,Kavya Verma,2006-03-07,Pune,GJ,VERIFIED,2017-02-09
100652,Sneha Khan,2015-09-09,Chennai,WB,VERIFIED,2024-07-27
100653,Aditya Verma,1986-10-27,Indore,WB,VERIFIED,2015-10-08
100654,Neha Chopra,1985-04-06,Bengaluru,MH,VERIFIED,2017-01-17
100655,Arjun Verma,1991-11-30,Kolkata,GJ,VERIFIED,2016-07-13
100656,Arjun Patel,1972-03-26,Hyderabad,KA,VERIFIED,2018-04-01
100657,Isha Chopra,1967-11-05,Hyderabad,RJ,VERIFIED,2016-03-28
100658,Nisha Iyer,1973-05-22,Bengaluru,TN,VERIFIED,2022-02-21
100659,Pooja Chopra,2001-05-12,Bengaluru,KA,VERIFIED,2020-02-09
100660,Priya Patel,1999-01-10,Mumbai,WB,VERIFIED,2021-12-05
100661,Riya Malhotra,1998-11-03,Indore,RJ,VERIFIED,2020-01-29
100662,Isha Reddy,2014-08-02,Kolkata,TS,PENDING,2018-01-19
100663,Rohan Verma,2007-09-15,Indore,KA,VERIFIED,2022-11-09
100664,Nisha Mehta,1970-01-13,Mumbai,TS,VERIFIED,2021-12-25
100665,Kavya Khan,1965-11-06,Bengaluru,MH,VERIFIED,2020-07-08
100666,Suresh Reddy,1980-05-17,Indore,MH,VERIFIED,2017-02-08
100667,Neha Khan,1972-06-02,Pune,RJ,VERIFIED,2018-08-06
100668,Pooja Reddy,2009-11-05,Indore,RJ,VERIFIED,2015-03-21
100669,Rohan Iyer,2003-12-06,Chennai,KA,VERIFIED,2016-09-15
100670,Kavya Iyer,1994-09-21,Indore,DL,VERIFIED,2015-07-23
100671,Amit Iyer,2015-10-07,Delhi,MH,VERIFIED,2025-11-15
100672,Arjun Khan,1973-07-22,Ahmedabad,MH,PENDING,2020-12-31
100673,Aditya Verma,2012-05-20,Bengaluru,MP,VERIFIED,2015-04-01
100674,Aditya Verma,1968-10-26,Pune,MP,VERIFIED,2017-01-31
100675,Kavya Verma,1985-08-12,Delhi,WB,VERIFIED,2025-11-26
100676,Ananya Gupta,1983-12-20,Chennai,RJ,PENDING,2016-02-23
100677,Nisha Sharma,2015-11-07,Pune,RJ,VERIFIED,2018-03-01
100678,Meera Malhotra,2007-08-30,Pune,DL,VERIFIED,2018-01-07
100679,Nisha Iyer,1989-04-28,Bengaluru,TS,PENDING,2016-05-27
100680,Rohan Reddy,1969-03-06,Delhi,TN,PENDING,2023-01-08
100681,Ananya Reddy,1971-09-03,Pune,MH,VERIFIED,2019-12-01
100682,Vihaan Patel,1990-02-26,Ahmedabad,TN,VERIFIED,2023-02-26
100683,Isha Patel,2013-09-20,Mumbai,WB,VERIFIED,2015-02-03
100684,Ananya Verma,2015-07-23,Hyderabad,RJ,VERIFIED,2017-08-11
100685,Meera Malhotra,1967-12-15,Chennai,KA,PENDING,2016-01-05
100686,Rahul Gupta,1981-02-03,Chennai,KA,VERIFIED,2016-09-09
100687,Sneha Mehta,1993-03-20,Delhi,KA,VERIFIED,2015-03-02
100688,Rohan Iyer,1966-05-29,Pune,TN,VERIFIED,2020-07-14
100689,Nisha Iyer,1983-08-03,Hyderabad,MP,VERIFIED,2017-06-08
100690,Rohan Patel,2017-08-31,Delhi,TS,VERIFIED,2018-11-01
100691,Meera Mehta,1977-12-08,Mumbai,TN,VERIFIED,2019-09-18
100692,Kavya Malhotra,2000-09-25,Mumbai,DL,VERIFIED,2018-06-30
100693,Isha Chopra,1971-11-27,Kolkata,KA,VERIFIED,2023-10-24
100694,Nisha Sharma,1991-11-07,Ahmedabad,MP,VERIFIED,2023-12-19
100695,Isha Patel,1979-07-30,Kolkata,MH,VERIFIED,2020-08-03
100696,Aarav Gupta,2015-08-06,Bengaluru,RJ,VERIFIED,2019-03-02
100697,Amit Patel,1986-07-29,Kolkata,GJ,VERIFIED,2020-03-14
100698,Neha Iyer,2015-11-04,Ahmedabad,RJ,VERIFIED,2022-10-25
100699,Aarav Gupta,1999-11-30,Kolkata,DL,VERIFIED,2023-11-16
100700,Arjun Chopra,2013-07-01,Pune,TS,VERIFIED,2015-05-10
100701,Pooja Verma,1994-10-06,Jaipur,DL,VERIFIED,2018-09-14
100702,Arjun Sharma,1999-06-09,Kolkata,TS,VERIFIED,2015-11-25
100703,Aditya Malhotra,1977-07-22,Delhi,DL,VERIFIED,2024-06-17
100704,Rahul Reddy,1972-01-14,Ahmedabad,TN,VERIFIED,2023-06-02
100705,Kavya Khan,2009-12-05,Indore,MP,VERIFIED,2025-09-02
100706,Neha Gupta,1996-01-12,Chennai,GJ,PENDING,2016-08-21
100707,Ananya Patel,1969-10-26,Bengaluru,MH,VERIFIED,2015-08-18
100708,Neha Chopra,1973-10-06,Ahmedabad,MH,VERIFIED,2017-12-27
100709,Isha Verma,2004-03-19,Delhi,KA,VERIFIED,2023-09-13
100710,Vihaan Gupta,1985-10-29,Mumbai,TN,VERIFIED,2019-05-27
100711,Karan Chopra,1971-10-27,Hyderabad,DL,VERIFIED,2015-10-20
100712,Vihaan Verma,1995-07-23,Mumbai,TS,VERIFIED,2021-02-02
100713,Amit Khan,2019-04-18,Pune,MP,VERIFIED,2020-04-09
100714,Kavya Khan,2018-06-08,Hyderabad,DL,VERIFIED,2017-01-13
100715,Isha Khan,2000-08-04,Delhi,TN,VERIFIED,2017-02-26
100716,Kavya Patel,1994-04-13,Delhi,MH,PENDING,2025-01-16
100717,Rahul Malhotra,1967-08-29,Pune,GJ,VERIFIED,2024-06-08
100718,Rohan Iyer,1989-07-10,Bengaluru,GJ,PENDING,2017-10-21
100719,Kavya Verma,2005-06-03,Kolkata,MH,VERIFIED,2024-03-01
100720,Vikram Chopra,2009-01-06,Bengaluru,MP,VERIFIED,2019-04-12
100721,Sneha Malhotra,1985-06-20,Delhi,TS,PENDING,2024-04-15
100722,Vikram Sharma,1996-12-03,Jaipur,MP,VERIFIED,2015-02-21
100723,Suresh Reddy,2014-08-13,Delhi,KA,VERIFIED,2016-05-14
100724,Isha Sharma,1998-09-06,Pune,MP,VERIFIED,2025-12-05
100725,Aarav Mehta,2003-09-29,Indore,MP,VERIFIED,2023-08-13
100726,Vikram Mehta,1981-08-31,Indore,MH,VERIFIED,2023-01-06
100727,Arjun Patel,2017-07-24,Ahmedabad,MH,VERIFIED,2017-10-16
100728,Vikram Iyer,1999-02-06,Mumbai,WB,VERIFIED,2019-04-26
100729,Rohan Sharma,1972-09-09,Kolkata,KA,VERIFIED,2023-08-25
100730,Sneha Reddy,1991-07-02,Bengaluru,MH,VERIFIED,2025-12-07
100731,Karan Gupta,1987-02-10,Indore,MH,VERIFIED,2019-12-20
100732,Pooja Malhotra,1971-08-06,Kolkata,TN,VERIFIED,2017-10-09
100733,Suresh Malhotra,1972-05-12,Bengaluru,TN,VERIFIED,2023-04-10
100734,Nisha Iyer,1989-01-15,Mumbai,WB,VERIFIED,2015-05-18
100735,Aditya Reddy,1978-11-02,Delhi,TS,VERIFIED,2017-03-26
100736,Vihaan Reddy,1999-02-03,Pune,MH,PENDING,2020-03-02
100737,Aarav Khan,1978-11-04,Chennai,KA,VERIFIED,2023-03-31
100738,Aditya Iyer,1999-12-16,Chennai,MH,VERIFIED,2023-08-24
100739,Meera Reddy,1993-05-30,Kolkata,GJ,VERIFIED,2016-01-20
100740,Meera Reddy,1997-05-12,Jaipur,GJ,VERIFIED,2020-11-04
100741,Kavya Patel,1974-07-24,Jaipur,GJ,VERIFIED,2022-06-20
100742,Rohan Reddy,1973-03-18,Hyderabad,MH,VERIFIED,2017-05-03
100743,Aarav Iyer,1965-06-20,Hyderabad,TS,VERIFIED,2020-04-20
100744,Karan Chopra,1992-08-28,Hyderabad,GJ,VERIFIED,2019-05-13
100745,Riya Iyer,2004-11-25,Chennai,RJ,VERIFIED,2022-08-23
100746,Aditya Reddy,1997-04-16,Delhi,DL,PENDING,2025-10-12
100747,Rohan Mehta,1989-03-15,Mumbai,KA,VERIFIED,2018-07-02
100748,Kavya Chopra,1974-03-04,Kolkata,MP,VERIFIED,2025-07-01
100749,Pooja Malhotra,1976-11-20,Indore,DL,PENDING,2018-08-16
100750,Aditya Reddy,1972-10-31,Jaipur,TS,VERIFIED,2016-10-11
100751,Vikram Iyer,1981-10-24,Ahmedabad,KA,VERIFIED,2022-01-21
100752,Suresh Iyer,2003-09-01,Bengaluru,RJ,PENDING,2023-03-02
100753,Karan Verma,2005-04-08,Mumbai,TN,VERIFIED,2015-06-22
100754,Priya Verma,2014-12-21,Pune,TS,VERIFIED,2023-05-09
100755,Priya Malhotra,2014-10-08,Mumbai,DL,VERIFIED,2025-07-06
100756,Rahul Iyer,2010-12-22,Kolkata,DL,VERIFIED,2021-03-01
100757,Ananya Gupta,2001-08-10,Delhi,MH,VERIFIED,2020-11-03
100758,Suresh Verma,1974-04-08,Hyderabad,RJ,VERIFIED,2016-05-15
100759,Arjun Patel,1967-05-11,Indore,MH,PENDING,2017-11-03
100760,Rahul Gupta,1973-01-15,Ahmedabad,MP,VERIFIED,2020-05-25
100761,Isha Gupta,1996-10-02,Chennai,MP,VERIFIED,2022-02-28
100762,Aditya Gupta,2014-09-21,Delhi,WB,VERIFIED,2018-05-08
100763,Sneha Khan,1973-05-08,Mumbai,MP,VERIFIED,2017-03-24
100764,Meera Chopra,2018-07-22,Chennai,TN,VERIFIED,2019-01-16
100765,Riya Chopra,2018-08-27,Bengaluru,MH,VERIFIED,2024-12-14
100766,Isha Iyer,1994-02-08,Hyderabad,RJ,VERIFIED,2015-08-02
100767,Neha Gupta,1999-07-25,Delhi,TS,VERIFIED,2024-09-07
100768,Riya Verma,1966-02-09,Ahmedabad,RJ,PENDING,2022-06-23
100769,Sneha Khan,1991-03-09,Delhi,RJ,VERIFIED,2017-06-11
100770,Vikram Patel,2002-02-15,Hyderabad,GJ,VERIFIED,2025-11-30
100771,Meera Sharma,1999-10-17,Kolkata,KA,VERIFIED,2016-04-07
100772,Ananya Malhotra,1972-08-07,Ahmedabad,MH,VERIFIED,2017-08-24
100773,Aditya Patel,2015-03-14,Ahmedabad,WB,VERIFIED,2022-02-05
100774,Riya Khan,1986-10-12,Hyderabad,TN,VERIFIED,2019-11-14
100775,Vihaan Sharma,2016-04-24,Delhi,MP,VERIFIED,2018-08-22
100776,Ananya Patel,2011-10-02,Jaipur,TS,VERIFIED,2015-03-03
100777,Aditya Verma,1980-03-19,Kolkata,KA,VERIFIED,2016-11-16
100778,Isha Chopra,1999-02-27,Bengaluru,GJ,VERIFIED,2023-11-28
100779,Priya Reddy,1980-03-17,Pune,RJ,VERIFIED,2018-02-04
100780,Riya Chopra,1977-06-16,Kolkata,RJ,VERIFIED,2021-07-22
100781,Nisha Sharma,1989-02-15,Pune,DL,VERIFIED,2016-05-05
100782,Riya Chopra,1992-01-07,Bengaluru,WB,VERIFIED,2019-06-10
100783,Rahul Iyer,1989-01-30,Ahmedabad,MH,VERIFIED,2023-11-07
100784,Isha Khan,2009-03-29,Mumbai,RJ,VERIFIED,2017-09-22
100785,Priya Gupta,1978-02-03,Hyderabad,MH,VERIFIED,2015-02-06
100786,Vihaan Khan,1970-09-05,Ahmedabad,TN,PENDING,2025-11-12
100787,Rohan Iyer,1980-01-02,Ahmedabad,MP,VERIFIED,2015-06-22
100788,Aditya Malhotra,2003-12-31,Hyderabad,KA,VERIFIED,2021-07-08
100789,Karan Sharma,1989-10-04,Chennai,RJ,VERIFIED,2023-10-15
100790,Suresh Khan,2002-10-12,Hyderabad,KA,PENDING,2022-09-30
100791,Riya Malhotra,1991-11-23,Indore,GJ,VERIFIED,2020-04-30
100792,Priya Chopra,2008-06-11,Mumbai,KA,VERIFIED,2022-09-20
100793,Karan Iyer,1971-11-26,Bengaluru,KA,VERIFIED,2021-09-08
100794,Ananya Patel,1997-05-26,Delhi,MP,VERIFIED,2016-09-26
100795,Pooja Reddy,1987-08-01,Delhi,MP,VERIFIED,2019-03-02
100796,Neha Chopra,1987-02-15,Pune,KA,PENDING,2023-08-24
100797,Vihaan Iyer,2009-06-25,Jaipur,GJ,PENDING,2016-01-02
100798,Aditya Iyer,2018-04-10,Kolkata,MH,VERIFIED,2017-10-15
100799,Rohan Malhotra,1982-07-18,Indore,MH,VERIFIED,2016-10-07
100800,Pooja Patel,2006-01-29,Chennai,TN,PENDING,2020-08-09
100801,Amit Chopra,1974-08-07,Jaipur,GJ,VERIFIED,2016-01-10
100802,Arjun Iyer,1977-02-26,Mumbai,TN,VERIFIED,2022-09-10
100803,Aditya Chopra,1992-05-02,Kolkata,DL,VERIFIED,2021-12-08
100804,Arjun Iyer,1965-08-10,Jaipur,TS,VERIFIED,2018-10-18
100805,Vikram Reddy,2000-07-02,Kolkata,MH,VERIFIED,2025-06-09
100806,Arjun Chopra,1994-10-22,Jaipur,TN,VERIFIED,2025-11-15
100807,Aditya Patel,1999-01-31,Ahmedabad,MH,PENDING,2023-07-09
100808,Nisha Reddy,1994-07-26,Indore,TN,PENDING,2022-01-04
100809,Neha Gupta,2004-06-30,Chennai,RJ,VERIFIED,2015-09-03
100810,Priya Verma,1995-01-12,Ahmedabad,MH,VERIFIED,2015-09-02
100811,Kavya Malhotra,2003-08-20,Hyderabad,WB,PENDING,2018-12-27
100812,Ananya Sharma,2018-04-30,Delhi,GJ,VERIFIED,2022-03-25
100813,Ananya Patel,1977-03-19,Kolkata,GJ,VERIFIED,2016-09-22
100814,Karan Mehta,1991-12-15,Mumbai,MH,PENDING,2022-11-12
100815,Neha Khan,1993-10-08,Jaipur,MH,PENDING,2021-01-05
100816,Rahul Mehta,2019-02-13,Indore,MH,VERIFIED,2023-11-16
100817,Arjun Gupta,1983-01-08,Jaipur,DL,VERIFIED,2016-03-15
100818,Aditya Patel,2007-12-23,Indore,RJ,VERIFIED,2016-05-30
100819,Rohan Malhotra,1993-03-10,Indore,TS,VERIFIED,2020-06-21
100820,Nisha Malhotra,1980-12-08,Bengaluru,TS,VERIFIED,2017-08-11
100821,Vihaan Iyer,2000-09-23,Delhi,MP,VERIFIED,2018-07-21
100822,Isha Gupta,1993-08-19,Ahmedabad,RJ,VERIFIED,2021-04-06
100823,Isha Reddy,1991-02-24,Bengaluru,MP,VERIFIED,2023-11-04
100824,Arjun Gupta,2009-01-19,Bengaluru,KA,VERIFIED,2022-03-25
100825,Karan Chopra,2016-08-31,Chennai,WB,VERIFIED,2023-06-27
100826,Karan Khan,1986-10-01,Chennai,WB,PENDING,2018-11-23
100827,Vihaan Reddy,1994-03-28,Bengaluru,MH,VERIFIED,2024-01-13
100828,Ananya Mehta,1998-09-27,Mumbai,MP,VERIFIED,2024-12-31
100829,Riya Chopra,1990-02-23,Kolkata,DL,VERIFIED,2019-12-02
100830,Vikram Khan,2000-04-02,Delhi,RJ,VERIFIED,2023-03-23
100831,Suresh Malhotra,1997-09-30,Kolkata,TS,VERIFIED,2017-03-01
100832,Suresh Patel,1975-03-21,Chennai,WB,VERIFIED,2015-03-29
100833,Sneha Mehta,2015-08-03,Bengaluru,TN,VERIFIED,2022-09-24
100834,Ananya Chopra,1982-12-05,Indore,RJ,VERIFIED,2019-03-28
100835,Riya Khan,2018-02-18,Hyderabad,WB,VERIFIED,2019-01-07
100836,Vikram Reddy,2013-12-14,Pune,MH,VERIFIED,2023-02-15
100837,Priya Malhotra,1981-02-21,Delhi,MH,PENDING,2016-07-05
100838,Kavya Gupta,2014-05-09,Delhi,GJ,VERIFIED,2017-10-23
100839,Rahul Chopra,1967-06-01,Kolkata,GJ,VERIFIED,2025-01-28
100840,Arjun Patel,2006-06-01,Jaipur,MP,VERIFIED,2015-06-11
100841,Vihaan Khan,1983-10-23,Kolkata,MH,VERIFIED,2020-06-10
100842,Ananya Malhotra,2004-05-03,Jaipur,RJ,VERIFIED,2022-12-04
100843,Rohan Malhotra,1991-02-20,Pune,KA,VERIFIED,2019-11-28
100844,Rohan Patel,1971-03-17,Hyderabad,GJ,PENDING,2021-04-08
100845,Aditya Gupta,2001-09-15,Jaipur,KA,VERIFIED,2018-04-22
100846,Amit Khan,2009-10-18,Ahmedabad,TN,VERIFIED,2021-02-01
100847,Priya Gupta,1977-06-27,Mumbai,DL,VERIFIED,2022-10-26
100848,Kavya Verma,1992-03-03,Indore,RJ,PENDING,2020-06-30
100849,Suresh Khan,1986-09-18,Indore,TS,VERIFIED,2017-02-16
100850,Ananya Sharma,1987-09-02,Jaipur,TN,VERIFIED,2021-05-10
100851,Kavya Sharma,1978-10-30,Kolkata,KA,VERIFIED,2017-02-03
100852,Pooja Malhotra,2002-12-18,Delhi,KA,VERIFIED,2021-02-04
100853,Ananya Mehta,1998-10-28,Kolkata,KA,VERIFIED,2018-11-25
100854,Pooja Verma,1971-08-21,Bengaluru,MH,PENDING,2018-08-18
100855,Ananya Mehta,2005-04-16,Bengaluru,MP,VERIFIED,2023-03-19
100856,Aarav Iyer,2018-08-24,Indore,DL,VERIFIED,2020-04-02
100857,Rohan Iyer,2007-12-30,Indore,TN,VERIFIED,2018-02-01
100858,Arjun Gupta,2017-03-27,Indore,WB,VERIFIED,2024-09-23
100859,Vihaan Patel,2000-12-16,Delhi,MH,VERIFIED,2024-04-28
100860,Sneha Gupta,2012-12-10,Delhi,DL,VERIFIED,2021-09-18
100861,Sneha Khan,2010-06-14,Indore,GJ,VERIFIED,2025-04-03
100862,Isha Sharma,2002-07-12,Delhi,GJ,VERIFIED,2024-08-25
100863,Aditya Sharma,2013-10-10,Hyderabad,GJ,VERIFIED,2021-03-21
100864,Amit Mehta,1968-04-19,Jaipur,TN,VERIFIED,2016-10-18
100865,Arjun Malhotra,1997-04-04,Pune,MP,VERIFIED,2015-10-10
100866,Isha Malhotra,2013-03-03,Kolkata,KA,VERIFIED,2020-12-15
100867,Kavya Verma,2018-04-11,Hyderabad,WB,VERIFIED,2016-09-26
100868,Vikram Mehta,1972-08-16,Kolkata,MH,VERIFIED,2020-01-15
100869,Vikram Verma,1974-10-24,Ahmedabad,TN,PENDING,2018-04-26
100870,Vihaan Mehta,1987-04-10,Indore,MH,PENDING,2024-03-10
100871,Kavya Chopra,1996-11-06,Indore,KA,VERIFIED,2017-12-14
100872,Riya Verma,1979-12-04,Ahmedabad,MP,VERIFIED,2021-01-27
100873,Rohan Khan,1968-12-22,Mumbai,MP,VERIFIED,2019-02-12
100874,Isha Malhotra,2015-07-13,Bengaluru,KA,VERIFIED,2020-02-03
100875,Aarav Malhotra,2000-11-07,Hyderabad,KA,VERIFIED,2015-01-03
100876,Meera Mehta,1994-10-01,Kolkata,RJ,VERIFIED,2023-09-14
100877,Arjun Patel,2003-08-15,Bengaluru,MH,VERIFIED,2022-02-26
100878,Kavya Sharma,1974-07-04,Indore,MP,VERIFIED,2020-09-03
100879,Isha Iyer,1965-12-12,Indore,KA,VERIFIED,2019-04-02
100880,Suresh Chopra,1973-11-06,Kolkata,MH,VERIFIED,2023-03-25
100881,Kavya Gupta,1988-03-19,Mumbai,KA,VERIFIED,2017-01-29
100882,Aditya Malhotra,1984-12-01,Kolkata,TS,VERIFIED,2024-11-25
100883,Ananya Verma,2010-10-25,Pune,KA,VERIFIED,2015-03-18
100884,Priya Malhotra,2011-07-18,Chennai,RJ,VERIFIED,2021-12-13
100885,Priya Malhotra,2015-01-23,Mumbai,WB,VERIFIED,2024-08-10
100886,Nisha Sharma,2017-01-30,Ahmedabad,MP,VERIFIED,2019-01-31
100887,Pooja Khan,2016-08-10,Hyderabad,MP,VERIFIED,2023-09-14
100888,Vihaan Reddy,1984-10-30,Pune,MH,VERIFIED,2021-12-15
100889,Ananya Patel,2004-12-29,Mumbai,TS,VERIFIED,2017-09-05
100890,Aarav Iyer,1998-07-26,Pune,DL,VERIFIED,2018-08-06
100891,Aditya Iyer,2000-02-03,Hyderabad,TN,VERIFIED,2023-02-01
100892,Suresh Verma,2006-07-18,Hyderabad,GJ,PENDING,2015-09-17
100893,Meera Iyer,2017-10-21,Hyderabad,MP,VERIFIED,2022-05-20
100894,Arjun Sharma,2009-11-25,Ahmedabad,GJ,VERIFIED,2025-11-05
100895,Ananya Malhotra,1978-07-11,Delhi,GJ,VERIFIED,2021-01-16
100896,Neha Gupta,1995-12-13,Chennai,KA,VERIFIED,2024-03-08
100897,Riya Khan,1967-03-16,Bengaluru,TN,VERIFIED,2019-05-07
100898,Karan Gupta,2008-04-24,Hyderabad,WB,PENDING,2017-02-16
100899,Aditya Khan,1974-05-19,Ahmedabad,MP,VERIFIED,2020-11-16
100900,Vihaan Patel,1991-07-04,Pune,KA,VERIFIED,2022-08-30
100901,Rahul Sharma,2002-04-27,Hyderabad,MP,VERIFIED,2020-07-30
100902,Rahul Sharma,1972-09-14,Kolkata,KA,VERIFIED,2023-08-03
100903,Neha Patel,1975-06-01,Indore,MP,VERIFIED,2021-03-08
100904,Priya Reddy,1977-09-17,Delhi,RJ,VERIFIED,2016-09-23
100905,Nisha Khan,1996-04-02,Chennai,TS,VERIFIED,2021-11-16
100906,Amit Sharma,1992-12-25,Ahmedabad,KA,PENDING,2018-03-05
100907,Rahul Patel,1995-10-12,Chennai,MH,VERIFIED,2018-08-14
100908,Ananya Sharma,2005-11-07,Kolkata,GJ,VERIFIED,2019-08-06
100909,Neha Patel,1983-07-24,Ahmedabad,MP,VERIFIED,2022-03-10
100910,Rohan Iyer,2011-10-02,Jaipur,MP,VERIFIED,2018-08-12
100911,Kavya Reddy,2008-04-29,Pune,DL,VERIFIED,2016-03-28
100912,Riya Reddy,1996-04-01,Mumbai,TN,VERIFIED,2016-01-30
100913,Neha Gupta,2007-09-20,Jaipur,WB,VERIFIED,2020-11-13
100914,Sneha Khan,1973-10-04,Bengaluru,WB,VERIFIED,2022-05-22
100915,Ananya Malhotra,2004-04-23,Delhi,KA,VERIFIED,2015-10-01
100916,Amit Verma,2005-08-04,Hyderabad,DL,VERIFIED,2015-06-29
100917,Kavya Verma,1993-08-12,Jaipur,MH,VERIFIED,2024-05-13
100918,Kavya Chopra,1971-01-11,Kolkata,TN,PENDING,2025-07-08
100919,Karan Malhotra,1991-12-10,Bengaluru,RJ,VERIFIED,2016-06-15
100920,Vikram Iyer,1969-01-04,Jaipur,RJ,VERIFIED,2017-01-01
100921,Rohan Verma,1975-04-30,Indore,WB,PENDING,2024-10-17
100922,Neha Patel,1967-01-11,Mumbai,KA,VERIFIED,2015-05-09
100923,Vikram Khan,1995-10-12,Bengaluru,MP,PENDING,2017-04-07
100924,Isha Reddy,1974-10-24,Chennai,DL,VERIFIED,2016-03-14
100925,Karan Khan,1979-09-30,Chennai,KA,VERIFIED,2020-06-11
100926,Ananya Khan,1986-11-19,Mumbai,GJ,VERIFIED,2017-02-23
100927,Vihaan Iyer,2011-04-18,Chennai,MP,VERIFIED,2016-02-09
100928,Isha Reddy,1980-08-26,Mumbai,MP,VERIFIED,2015-05-11
100929,Amit Sharma,2014-07-07,Ahmedabad,MH,VERIFIED,2021-05-27
100930,Aditya Reddy,1979-05-15,Mumbai,RJ,VERIFIED,2022-03-13
100931,Ananya Malhotra,1994-09-11,Pune,RJ,VERIFIED,2024-05-18
100932,Karan Sharma,2015-03-25,Chennai,DL,VERIFIED,2019-05-11
100933,Arjun Chopra,2003-04-03,Hyderabad,DL,PENDING,2022-05-18
100934,Riya Sharma,2006-06-15,Pune,GJ,VERIFIED,2020-06-29
100935,Arjun Verma,1985-10-20,Ahmedabad,KA,VERIFIED,2020-11-23
100936,Suresh Iyer,2001-05-04,Jaipur,MP,VERIFIED,2021-12-30
100937,Ananya Reddy,1981-07-20,Kolkata,RJ,VERIFIED,2022-11-12
100938,Meera Sharma,1981-09-21,Delhi,MH,PENDING,2021-08-14
100939,Isha Gupta,2003-10-09,Mumbai,WB,VERIFIED,2017-11-14
100940,Riya Iyer,2000-06-28,Chennai,RJ,VERIFIED,2015-07-21
100941,Ananya Khan,1967-08-15,Pune,WB,VERIFIED,2019-02-09
100942,Aditya Chopra,1982-09-14,Ahmedabad,MH,VERIFIED,2017-06-23
100943,Arjun Malhotra,2005-05-02,Indore,MH,VERIFIED,2021-10-17
100944,Ananya Reddy,2018-02-17,Ahmedabad,RJ,VERIFIED,2023-01-19
100945,Neha Patel,2003-07-16,Bengaluru,WB,VERIFIED,2015-10-18
100946,Suresh Verma,1999-11-20,Ahmedabad,TN,VERIFIED,2015-02-23
100947,Aarav Gupta,1965-05-26,Indore,GJ,VERIFIED,2025-06-07
100948,Sneha Malhotra,1984-04-09,Jaipur,WB,PENDING,2025-04-30
100949,Pooja Malhotra,1983-06-19,Pune,MH,PENDING,2017-05-04
100950,Rohan Patel,1989-12-21,Pune,MP,VERIFIED,2022-05-09
100951,Amit Khan,1970-08-13,Bengaluru,MP,VERIFIED,2020-07-05
100952,Rahul Chopra,2016-10-18,Hyderabad,DL,VERIFIED,2025-05-30
100953,Vikram Khan,1974-02-17,Delhi,WB,VERIFIED,2024-12-23
100954,Rahul Verma,2013-03-02,Hyderabad,KA,PENDING,2024-05-01
100955,Arjun Verma,1981-10-10,Mumbai,TS,VERIFIED,2015-11-24
100956,Riya Gupta,1997-10-26,Kolkata,GJ,VERIFIED,2020-04-01
100957,Riya Verma,1994-03-31,Mumbai,TN,VERIFIED,2023-12-25
100958,Neha Iyer,1982-09-06,Bengaluru,DL,VERIFIED,2022-03-02
100959,Aditya Malhotra,2006-01-19,Indore,TS,VERIFIED,2015-09-06
100960,Nisha Patel,1975-03-24,Chennai,MP,VERIFIED,2019-01-18
100961,Vikram Gupta,1988-07-15,Chennai,RJ,VERIFIED,2021-04-04
100962,Karan Iyer,2008-11-30,Chennai,WB,VERIFIED,2023-05-04
100963,Priya Mehta,2012-05-06,Chennai,TS,VERIFIED,2025-07-10
100964,Rohan Mehta,1993-02-12,Hyderabad,TN,VERIFIED,2024-12-26
100965,Arjun Mehta,2018-07-23,Kolkata,MH,VERIFIED,2019-08-31
100966,Sneha Sharma,1999-11-13,Jaipur,MH,VERIFIED,2024-03-21
100967,Ananya Malhotra,2000-03-20,Mumbai,MP,VERIFIED,2019-02-20
100968,Meera Iyer,2017-08-30,Mumbai,RJ,VERIFIED,2023-11-28
100969,Riya Malhotra,1975-04-02,Ahmedabad,DL,VERIFIED,2022-12-11
100970,Arjun Chopra,1996-03-19,Bengaluru,RJ,VERIFIED,2015-08-27
100971,Aditya Verma,1996-07-30,Bengaluru,MH,VERIFIED,2024-03-27
100972,Vikram Reddy,2006-01-29,Indore,WB,PENDING,2021-12-01
100973,Sneha Malhotra,1980-06-24,Mumbai,TN,VERIFIED,2017-12-24
100974,Kavya Reddy,1991-09-08,Chennai,MH,VERIFIED,2020-12-06
100975,Meera Verma,2017-12-12,Hyderabad,WB,VERIFIED,2015-06-16
100976,Arjun Iyer,1972-08-09,Indore,MH,VERIFIED,2023-03-27
100977,Aditya Khan,1977-01-07,Hyderabad,DL,VERIFIED,2015-10-16
100978,Riya Malhotra,1993-02-05,Hyderabad,KA,VERIFIED,2024-05-10
100979,Ananya Gupta,1975-07-30,Kolkata,WB,VERIFIED,2018-05-29
100980,Nisha Chopra,1986-05-28,Kolkata,MP,VERIFIED,2015-11-16
100981,Karan Gupta,1992-05-25,Pune,TS,VERIFIED,2025-08-05
100982,Kavya Malhotra,1975-06-30,Ahmedabad,TS,VERIFIED,2017-06-03
100983,Vihaan Verma,1981-06-04,Hyderabad,RJ,VERIFIED,2025-10-09
100984,Priya Gupta,1998-06-29,Chennai,WB,VERIFIED,2020-10-28
100985,Vikram Gupta,1977-09-07,Ahmedabad,MP,VERIFIED,2016-02-02
100986,Karan Iyer,2010-10-30,Hyderabad,MH,VERIFIED,2016-02-19
100987,Suresh Iyer,1999-11-08,Jaipur,MP,VERIFIED,2023-02-18
100988,Priya Patel,2002-07-10,Indore,TS,VERIFIED,2017-08-04
100989,Aditya Patel,2018-07-05,Kolkata,WB,VERIFIED,2020-12-17
100990,Rahul Malhotra,1977-05-15,Indore,TN,VERIFIED,2019-04-28
100991,Amit Gupta,2016-07-27,Delhi,WB,VERIFIED,2017-02-15
100992,Vikram Chopra,1999-06-05,Mumbai,RJ,VERIFIED,2017-03-02
100993,Nisha Verma,2002-12-15,Jaipur,RJ,VERIFIED,2020-11-25
100994,Priya Gupta,1981-08-31,Pune,GJ,VERIFIED,2022-05-14
100995,Meera Chopra,2008-08-30,Jaipur,KA,VERIFIED,2017-10-15
100996,Arjun Gupta,2013-03-18,Indore,MH,VERIFIED,2021-05-23
100997,Isha Chopra,1980-07-17,Indore,RJ,PENDING,2022-01-05
100998,Neha Chopra,2014-10-14,Hyderabad,RJ,VERIFIED,2025-08-16
100999,Vihaan Sharma,1979-12-21,Hyderabad,GJ,PENDING,2017-01-02
101000,Aditya Sharma,2008-12-05,Delhi,TS,VERIFIED,2021-04-06
