loan_id,customer_id,account_id,loan_type,loan_amount,interest_rate,loan_start_date,loan_status
400001,100566,200892,Home Loan,6998275.59,11.54,2018-07-19,ACTIVE
400002,100898,200208,Car Loan,6000698.59,13.73,2021-04-02,ACTIVE
400003,100178,200813,Education Loan,4657823.14,12.4,2021-04-09,ACTIVE
400004,100809,200199,Car Loan,3707657.67,8.91,2023-12-10,CLOSED
400005,100813,200592,Home Loan,3594747.03,10.51,2018-11-11,ACTIVE
400006,100871,200583,Education Loan,6400089.79,10.96,2023-10-06,DEFAULT
400007,100618,200155,Car Loan,7537603.86,7.89,2020-03-04,ACTIVE
400008,100137,200590,Home Loan,6817318.99,14.18,2020-01-21,ACTIVE
400009,100190,200078,Car Loan,2064260.0,8.4,2019-01-23,CLOSED
400010,100640,200172,Education Loan,4990473.08,12.38,2024-09-18,CLOSED
400011,100342,200289,Personal Loan,7937236.71,11.04,2019-11-16,ACTIVE
400012,100559,200545,Car Loan,4809470.37,7.68,2024-02-06,ACTIVE
400013,100005,200812,Personal Loan,5412570.47,13.97,2021-08-14,DEFAULT
400014,100972,200788,Education Loan,7734246.88,13.46,2021-07-19,ACTIVE
400015,100257,200879,Personal Loan,6646526.53,11.17,2021-05-18,ACTIVE
400016,100812,200420,Home Loan,4152514.72,9.1,2021-01-16,ACTIVE
400017,100662,200007,Personal Loan,8964585.84,8.35,2022-01-24,CLOSED
400018,100806,200160,Car Loan,1709413.98,10.04,2019-01-28,CLOSED
400019,100243,200240,Car Loan,9955612.84,9.29,2023-12-29,DEFAULT
400020,100787,200963,Personal Loan,1276640.53,11.05,2024-07-03,ACTIVE
400021,100720,200423,Home Loan,248004.71,14.26,2021-12-11,ACTIVE
400022,100415,200989,Education Loan,8911187.12,11.52,2019-08-12,ACTIVE
400023,100627,200536,Personal Loan,2525039.73,13.73,2018-02-22,CLOSED
400024,100707,200726,Car Loan,7324026.31,12.06,2019-07-15,ACTIVE
400025,100343,200070,Car Loan,8129052.21,10.83,2023-10-24,ACTIVE
400026,100682,200880,Personal Loan,8603965.27,13.48,2021-02-26,ACTIVE
400027,100379,200216,Personal Loan,9916782.93,10.8,2022-03-08,ACTIVE
400028,100594,200104,Personal Loan,3010993.13,13.58,2023-06-10,CLOSED
400029,100666,200727,Education Loan,7131409.09,9.54,2022-08-15,ACTIVE
400030,100653,200054,Car Loan,1242458.6,8.4,2021-10-25,DEFAULT
400031,100826,200806,Car Loan,4127411.98,13.49,2019-10-30,ACTIVE
400032,100146,200330,Car Loan,8494919.76,11.61,2019-02-24,DEFAULT
400033,100323,200848,Education Loan,3739814.66,13.72,2020-06-11,CLOSED
400034,100122,200203,Home Loan,5951844.27,14.06,2019-09-26,ACTIVE
400035,100252,200288,Car Loan,5087357.09,7.88,2023-08-24,DEFAULT
400036,100855,200045,Car Loan,6494920.16,11.01,2020-06-24,ACTIVE
400037,100899,200829,Home Loan,9731654.45,10.12,2020-02-11,CLOSED
400038,100311,200198,Education Loan,651781.71,11.88,2024-04-07,CLOSED
400039,100601,200216,Home Loan,5782219.02,13.06,2023-11-24,CLOSED
400040,100475,200481,Home Loan,8643984.91,9.46,2023-12-20,ACTIVE
400041,100570,200309,Home Loan,4865688.85,11.4,2024-03-07,ACTIVE
400042,100492,200896,Home Loan,877419.14,12.46,2019-04-12,ACTIVE
400043,100575,200435,Education Loan,5649339.59,8.44,2022-09-06,ACTIVE
400044,100347,200332,Education Loan,3387531.52,13.2,2023-03-02,CLOSED
400045,100820,200696,Home Loan,1633923.67,11.74,2018-11-09,CLOSED
400046,100487,200027,Personal Loan,8505441.68,14.15,2019-04-23,DEFAULT
400047,100473,200166,Personal Loan,5263835.18,9.88,2019-06-22,ACTIVE
400048,100382,200318,Personal Loan,9339436.48,8.26,2018-03-13,CLOSED
400049,100280,200274,Personal Loan,8079563.4,11.05,2023-05-19,DEFAULT
400050,100072,200383,Car Loan,6960420.76,8.1,2021-11-27,CLOSED
400051,100521,200365,Education Loan,149752.48,14.29,2021-06-30,ACTIVE
400052,100366,200103,Education Loan,4335452.22,7.77,2022-01-25,ACTIVE
400053,100933,200960,Home Loan,2055114.19,12.77,2019-07-24,ACTIVE
400054,100094,200503,Car Loan,9116899.32,11.18,2022-12-16,ACTIVE
400055,100373,200845,Home Loan,1828381.45,10.08,2024-09-13,ACTIVE
400056,100339,200373,Home Loan,2931994.51,7.96,2023-11-13,DEFAULT
400057,100437,200616,Education Loan,5216684.0,11.86,2021-11-02,ACTIVE
400058,100336,200926,Car Loan,2707299.83,11.6,2019-12-07,ACTIVE
400059,100664,200245,Personal Loan,2177660.31,9.47,2021-06-01,ACTIVE
400060,100492,200817,Education Loan,6031083.32,13.87,2018-04-28,CLOSED
400061,100917,200169,Car Loan,980402.28,9.63,2019-05-01,DEFAULT
400062,100868,200628,Car Loan,675860.81,10.65,2020-06-29,CLOSED
400063,100040,200653,Education Loan,3785228.42,11.31,2019-06-12,ACTIVE
400064,100359,200418,Education Loan,7234578.1,8.2,2019-08-07,ACTIVE
400065,100574,200356,Home Loan,5592586.91,14.03,2020-07-17,CLOSED
400066,100254,200478,Home Loan,4286477.04,10.12,2021-06-13,ACTIVE
400067,100966,200125,Home Loan,5700940.49,8.07,2019-05-29,ACTIVE
400068,100581,200537,Personal Loan,3717969.7,10.21,2020-05-09,ACTIVE
400069,100398,200706,Education Loan,9367848.72,11.7,2019-06-18,ACTIVE
400070,100757,200896,Car Loan,643558.42,11.1,2018-11-18,CLOSED
400071,100877,200612,Education Loan,6766575.64,12.36,2022-10-07,ACTIVE
400072,100170,200402,Car Loan,8923698.38,7.89,2019-04-03,ACTIVE
400073,100690,200517,Personal Loan,8058458.62,9.49,2018-11-15,ACTIVE
400074,100701,200531,Education Loan,1922006.24,13.23,2018-03-19,ACTIVE
400075,100511,200682,Car Loan,3029670.85,8.06,2023-06-07,ACTIVE
400076,100260,200786,Car Loan,7198774.59,13.49,2022-11-02,ACTIVE
400077,100584,200254,Home Loan,934278.54,8.14,2018-06-24,ACTIVE
400078,100984,200121,Personal Loan,8137430.83,13.34,2020-03-15,ACTIVE
400079,100459,200032,Education Loan,7217178.75,10.03,2019-03-18,ACTIVE
400080,100529,200661,Home Loan,7323105.83,11.79,2018-05-15,ACTIVE
400081,100882,200778,Personal Loan,1092389.57,8.57,2023-10-05,ACTIVE
400082,100341,200037,Home Loan,7205829.39,7.96,2024-08-26,ACTIVE
400083,100057,200689,Education Loan,6830199.44,9.01,2018-08-31,CLOSED
400084,100218,200342,Car Loan,8326132.66,8.39,2023-04-06,ACTIVE
400085,100619,200013,Education Loan,511799.97,9.69,2019-05-03,ACTIVE
400086,100816,200183,Personal Loan,328795.62,11.1,2020-11-02,ACTIVE
400087,100940,200657,Education Loan,3792770.29,11.62,2018-06-27,DEFAULT
400088,100685,200265,Personal Loan,1573004.01,13.03,2018-09-29,ACTIVE
400089,100731,200088,Home Loan,5628006.33,12.09,2021-05-20,ACTIVE
400090,100464,200940,Personal Loan,9181754.12,11.76,2018-02-12,CLOSED
400091,100247,200462,Car Loan,3975649.33,10.38,2019-01-31,CLOSED
400092,100730,200046,Car Loan,8465008.73,10.82,2019-05-23,CLOSED
400093,100373,200392,Car Loan,102384.66,10.4,2024-09-30,ACTIVE
400094,100417,200119,Home Loan,1768294.97,13.4,2020-04-21,ACTIVE
400095,100031,200933,Personal Loan,401193.04,9.11,2024-08-03,ACTIVE
400096,100368,200531,Home Loan,3348657.09,7.54,2020-03-30,DEFAULT
400097,100559,200447,Education Loan,9091077.0,12.06,2020-01-27,ACTIVE
400098,100646,200732,Education Loan,1059826.02,8.92,2021-12-10,ACTIVE
400099,100108,200942,Education Loan,6103456.79,13.73,2018-04-30,DEFAULT
400100,100584,200745,Education Loan,4569809.8,13.51,2019-01-07,DEFAULT
400101,100839,200606,Car Loan,9390835.3,8.04,2019-08-20,DEFAULT
400102,100418,200967,Personal Loan,1312939.51,8.24,2021-02-10,CLOSED
400103,100620,200763,Car Loan,2199075.72,10.97,2024-07-02,DEFAULT
400104,100821,200762,Personal Loan,392465.49,11.76,2021-11-25,ACTIVE
400105,100398,200794,Personal Loan,4395958.97,9.42,2021-12-13,CLOSED
400106,100272,200744,Home Loan,2850545.71,12.52,2019-10-20,CLOSED
400107,100683,200046,Education Loan,8712068.75,11.66,2023-08-13,ACTIVE
400108,100116,200886,Personal Loan,6088914.05,9.77,2020-09-17,ACTIVE
400109,100841,200508,Education Loan,6179498.31,7.68,2023-08-31,DEFAULT
400110,100586,200558,Education Loan,5365915.9,12.75,2024-05-24,ACTIVE
400111,100256,200971,Education Loan,1009318.34,9.0,2018-10-07,CLOSED
400112,100081,200526,Car Loan,4505684.97,13.34,2019-02-10,ACTIVE
400113,100780,200597,Education Loan,9995101.38,10.44,2024-06-26,ACTIVE
400114,100128,200831,Personal Loan,8368769.98,11.54,2018-02-27,ACTIVE
400115,100838,200840,Car Loan,8945244.64,13.61,2023-12-07,ACTIVE
400116,100915,200003,Education Loan,8249940.96,13.55,2020-06-07,ACTIVE
400117,100235,200028,Home Loan,1120112.76,10.1,2020-02-24,ACTIVE
400118,100553,200381,Education Loan,2351737.72,8.96,2021-02-28,ACTIVE
400119,100181,200157,Education Loan,130904.35,12.93,2019-12-05,ACTIVE
400120,100157,200855,Car Loan,3104750.24,10.53,2024-01-10,ACTIVE
400121,100454,200914,Personal Loan,1175213.28,8.84,2018-01-18,ACTIVE
400122,100571,200931,Education Loan,4780654.12,13.83,2019-02-09,CLOSED
400123,100857,200511,Car Loan,6803562.14,8.89,2020-05-26,ACTIVE
400124,100761,200333,Car Loan,8757602.42,7.68,2023-08-28,ACTIVE
400125,100704,200844,Personal Loan,7517249.93,7.64,2023-04-29,ACTIVE
400126,100024,200687,Car Loan,9391997.4,11.86,2022-02-10,ACTIVE
400127,100473,200114,Personal Loan,633593.07,12.13,2024-08-11,ACTIVE
400128,100400,200389,Home Loan,220580.37,9.68,2020-01-29,ACTIVE
400129,100948,200487,Education Loan,6647247.33,9.74,2022-12-06,CLOSED
400130,100592,200843,Car Loan,2964588.86,9.88,2019-03-16,DEFAULT
400131,100134,200250,Home Loan,2609660.06,12.26,2020-01-11,CLOSED
400132,100421,200571,Car Loan,3375782.17,7.91,2021-12-24,ACTIVE
400133,100213,200715,Car Loan,2770980.97,14.0,2022-04-04,ACTIVE
400134,100900,200315,Home Loan,5163220.42,9.06,2022-10-04,ACTIVE
400135,100482,200239,Car Loan,4457469.63,14.5,2020-05-27,CLOSED
400136,100348,200234,Car Loan,5173042.66,8.7,2023-10-08,DEFAULT
400137,100166,200303,Home Loan,6759864.75,12.9,2020-07-21,ACTIVE
400138,100937,200607,Car Loan,3932592.04,9.06,2022-07-28,ACTIVE
400139,100348,200991,Personal Loan,2587946.1,8.07,2019-04-08,ACTIVE
400140,100849,200653,Car Loan,1745385.31,13.62,2021-07-11,CLOSED
400141,100398,200334,Education Loan,3559793.78,13.51,2019-05-22,CLOSED
400142,100583,200113,Car Loan,7443884.1,10.32,2023-03-24,ACTIVE
400143,100726,200621,Education Loan,7591378.61,12.42,2019-03-28,DEFAULT
400144,100435,200362,Education Loan,6702363.33,11.4,2023-10-30,ACTIVE
400145,100577,200857,Car Loan,2416878.94,13.47,2019-07-11,DEFAULT
400146,100221,200801,Home Loan,5922053.83,9.71,2023-07-24,DEFAULT
400147,100308,200097,Personal Loan,5749827.65,11.17,2022-01-19,CLOSED
400148,100991,200958,Personal Loan,4894235.36,10.9,2021-03-26,ACTIVE
400149,100798,200847,Car Loan,5544791.97,9.98,2024-04-01,ACTIVE
400150,100697,200016,Home Loan,4968727.26,13.74,2018-06-16,ACTIVE
400151,100719,200556,Home Loan,5698018.02,8.66,2018-12-03,ACTIVE
400152,100466,200954,Personal Loan,7183508.95,8.55,2021-09-05,CLOSED
400153,100099,200376,Home Loan,1185319.12,11.54,2023-07-16,ACTIVE
400154,100242,200742,Car Loan,7521294.95,12.1,2019-04-19,ACTIVE
400155,100158,200390,Car Loan,1445272.89,8.86,2022-04-26,CLOSED
400156,100610,200620,Home Loan,759617.18,10.24,2021-03-07,ACTIVE
400157,100554,200217,Car Loan,9763188.89,14.13,2023-02-15,ACTIVE
400158,100651,200399,Education Loan,9574218.51,9.23,2024-09-25,ACTIVE
400159,100795,200260,Personal Loan,698321.79,12.18,2021-07-01,ACTIVE
400160,100920,200824,Car Loan,4488209.07,12.68,2022-12-24,ACTIVE
400161,100227,200320,Home Loan,1943824.89,10.64,2020-07-14,CLOSED
400162,100423,200196,Personal Loan,4904914.48,14.06,2024-03-18,ACTIVE
400163,100072,200478,Car Loan,8318754.71,12.66,2022-07-27,DEFAULT
400164,100243,200418,Personal Loan,9511056.57,10.71,2021-04-05,ACTIVE
400165,100530,200475,Home Loan,6379101.27,11.49,2022-10-19,ACTIVE
400166,100589,200607,Education Loan,3603666.11,12.35,2020-02-13,ACTIVE
400167,100045,200568,Education Loan,6072923.1,11.65,2018-10-13,ACTIVE
400168,100472,200544,Car Loan,3188812.93,13.65,2023-05-03,ACTIVE
400169,100371,200231,Education Loan,9107254.04,10.0,2022-02-14,ACTIVE
400170,100855,200884,Car Loan,8716964.58,9.6,2020-01-05,ACTIVE
400171,100652,200521,Personal Loan,5626494.33,9.0,2018-02-22,ACTIVE
400172,100689,200703,Car Loan,3315509.26,7.76,2023-07-07,ACTIVE
400173,100734,200873,Car Loan,3004557.79,7.8,2019-03-07,ACTIVE
400174,100927,200200,Car Loan,430838.15,13.59,2022-06-12,CLOSED
400175,100092,200846,Education Loan,8176626.43,12.25,2022-11-30,DEFAULT
400176,100022,200673,Car Loan,4558793.81,12.12,2023-11-11,ACTIVE
400177,100172,200599,Home Loan,3318815.99,11.8,2018-12-15,ACTIVE
400178,100604,200021,Car Loan,4763992.51,13.44,2019-05-04,DEFAULT
400179,100192,200311,Personal Loan,8205506.11,10.86,2019-08-11,ACTIVE
400180,100077,200588,Home Loan,1333680.66,13.59,2022-06-06,DEFAULT
400181,100281,200953,Personal Loan,8590794.28,10.02,2022-06-29,ACTIVE
400182,100364,200898,Personal Loan,8985337.47,13.99,2024-08-15,CLOSED
400183,100179,200653,Personal Loan,9472408.36,12.39,2019-02-21,ACTIVE
400184,100238,200638,Home Loan,4035131.12,9.3,2019-11-23,DEFAULT
400185,100135,200763,Home Loan,2249690.0,11.45,2018-09-23,ACTIVE
400186,100877,200900,Education Loan,3799044.1,11.23,2022-01-29,ACTIVE
400187,100902,200596,Home Loan,3395829.75,8.47,2020-03-26,ACTIVE
400188,100280,200434,Car Loan,1843923.73,11.64,2021-10-19,ACTIVE
400189,100019,200371,Personal Loan,6111940.03,9.7,2020-03-31,CLOSED
400190,100595,200560,Education Loan,4818579.19,7.87,2024-09-02,ACTIVE
400191,100740,200891,Home Loan,8670439.82,14.14,2022-07-14,DEFAULT
400192,100371,200078,Personal Loan,417884.85,11.99,2019-05-18,ACTIVE
400193,100777,200542,Home Loan,6474292.48,13.64,2020-08-11,CLOSED
400194,100112,200285,Education Loan,7653193.9,12.23,2022-10-06,ACTIVE
400195,100763,200648,Home Loan,7618917.03,10.0,2023-08-07,DEFAULT
400196,100676,200140,Home Loan,8872132.27,11.09,2021-02-14,DEFAULT
400197,100870,200553,Personal Loan,7317434.05,12.23,2024-07-11,ACTIVE
400198,100680,200998,Car Loan,9285319.61,14.22,2024-08-28,CLOSED
400199,100221,200282,Home Loan,3393300.34,9.28,2021-01-23,CLOSED
400200,100920,200562,Education Loan,5081773.23,13.62,2022-06-28,ACTIVE
400201,100304,200258,Home Loan,239388.67,13.97,2021-12-29,ACTIVE
400202,100703,200823,Home Loan,168880.11,12.19,2023-05-03,ACTIVE
400203,100325,200360,Car Loan,2477253.54,14.02,2024-10-06,CLOSED
400204,100437,200440,Personal Loan,1097991.25,10.29,2022-07-15,ACTIVE
400205,100438,200270,Education Loan,2676092.54,14.17,2023-06-08,ACTIVE
400206,100170,200134,Personal Loan,1852728.62,12.42,2023-09-26,ACTIVE
400207,100375,200746,Personal Loan,382348.25,7.79,2021-02-16,ACTIVE
400208,100557,200640,Personal Loan,9102111.05,13.85,2019-08-27,CLOSED
400209,100381,200104,Home Loan,181409.0,10.89,2023-02-06,DEFAULT
400210,100986,200766,Car Loan,7387213.23,10.72,2019-03-19,ACTIVE
400211,100014,200095,Home Loan,1606264.08,11.47,2019-05-16,ACTIVE
400212,100743,200849,Education Loan,9131073.26,8.55,2020-10-23,CLOSED
400213,100669,200729,Car Loan,8938679.8,10.78,2023-06-28,ACTIVE
400214,100500,200573,Personal Loan,6573621.35,13.32,2023-07-30,ACTIVE
400215,100646,200480,Car Loan,6755118.08,7.61,2020-08-03,ACTIVE
400216,100391,200780,Education Loan,152857.51,9.41,2019-07-06,ACTIVE
400217,100549,200241,Home Loan,9850228.5,7.52,2018-05-02,ACTIVE
400218,100565,200013,Home Loan,8790542.78,10.41,2019-02-12,CLOSED
400219,100530,200147,Personal Loan,8961551.63,12.6,2018-08-05,ACTIVE
400220,100983,200940,Home Loan,6626520.92,13.09,2018-10-07,CLOSED
400221,100492,200752,Home Loan,3513390.59,14.12,2023-08-03,ACTIVE
400222,100550,200601,Education Loan,8947121.63,11.76,2018-04-20,ACTIVE
400223,100699,200095,Car Loan,2986017.59,9.28,2020-01-04,CLOSED
400224,100385,200827,Home Loan,5670844.28,13.97,2022-04-17,ACTIVE
400225,100196,200293,Education Loan,1087336.63,12.93,2024-10-12,ACTIVE
400226,100755,200025,Education Loan,9227360.74,11.52,2021-09-01,ACTIVE
400227,100300,200272,Personal Loan,1493627.53,12.37,2019-09-18,ACTIVE
400228,100815,200505,Education Loan,2326478.38,13.97,2021-05-25,CLOSED
400229,100547,200166,Personal Loan,5625528.17,12.49,2019-01-30,ACTIVE
400230,100727,200939,Home Loan,7664520.7,10.08,2018-11-10,CLOSED
400231,100731,200762,Personal Loan,6231577.93,12.49,2023-10-31,ACTIVE
400232,100828,200087,Education Loan,2398125.74,7.78,2023-07-10,ACTIVE
400233,100602,200654,Car Loan,109336.12,10.2,2023-03-24,DEFAULT
400234,100308,200646,Car Loan,7595790.75,10.34,2020-04-07,CLOSED
400235,100252,200985,Home Loan,9853552.53,8.67,2021-04-17,ACTIVE
400236,100008,200791,Home Loan,8118139.89,7.66,2023-08-02,ACTIVE
400237,100768,200638,Car Loan,4656045.52,8.43,2023-07-02,ACTIVE
400238,100875,200828,Personal Loan,9047295.89,12.08,2023-08-30,ACTIVE
400239,100208,200491,Home Loan,4157491.96,13.12,2020-12-07,CLOSED
400240,100937,200908,Education Loan,5296847.43,14.42,2024-01-31,CLOSED
400241,100131,200141,Home Loan,4823584.7,9.92,2021-11-08,ACTIVE
400242,100736,200868,Personal Loan,4531476.34,11.7,2024-01-24,CLOSED
400243,100709,200103,Home Loan,7774388.62,14.06,2024-02-17,ACTIVE
400244,100980,200226,Education Loan,5315012.18,8.67,2018-03-14,ACTIVE
400245,100654,200902,Education Loan,3235499.51,12.52,2018-05-10,ACTIVE
400246,100764,200575,Education Loan,2655765.86,12.78,2022-10-29,DEFAULT
400247,100608,200294,Personal Loan,473698.44,8.12,2019-05-03,CLOSED
400248,100026,200896,Personal Loan,5873632.1,13.53,2022-04-21,ACTIVE
400249,100623,200306,Education Loan,2376618.01,13.19,2023-01-18,ACTIVE
400250,100454,200254,Education Loan,1566525.83,7.73,2021-07-12,DEFAULT
400251,100635,200180,Personal Loan,6572916.64,8.14,2022-03-22,ACTIVE
400252,100186,200040,Personal Loan,6843971.65,7.84,2022-12-18,ACTIVE
400253,100484,200776,Personal Loan,7546333.43,9.84,2023-02-26,DEFAULT
400254,100680,200701,Car Loan,5085411.27,11.07,2018-05-28,CLOSED
400255,100051,200520,Personal Loan,8951140.59,11.23,2018-05-15,ACTIVE
400256,100891,200616,Education Loan,9369793.26,9.37,2019-12-26,ACTIVE
400257,100005,200737,Car Loan,8092972.3,13.88,2024-03-30,ACTIVE
400258,100589,200546,Personal Loan,6392375.47,10.08,2021-05-26,ACTIVE
400259,100160,200236,Education Loan,3106837.44,7.82,2019-11-04,DEFAULT
400260,100208,200463,Home Loan,9831154.72,9.6,2023-07-07,ACTIVE
400261,100257,200228,Car Loan,2813948.06,11.22,2022-10-31,CLOSED
400262,100205,200700,Education Loan,2106303.53,10.36,2019-07-05,ACTIVE
400263,100767,200825,Home Loan,4477325.73,9.42,2021-07-03,ACTIVE
400264,100950,200483,Education Loan,662721.65,8.42,2022-05-13,ACTIVE
400265,100011,200430,Personal Loan,9787095.2,13.23,2023-06-20,CLOSED
400266,100949,200022,Personal Loan,5925492.21,14.47,2019-03-25,ACTIVE
400267,100008,200343,Home Loan,5613825.71,9.81,2024-05-19,ACTIVE
400268,100409,200040,Personal Loan,6592383.17,10.17,2023-07-03,ACTIVE
400269,100936,200173,Education Loan,5020534.11,11.83,2024-03-18,ACTIVE
400270,100032,200439,Home Loan,417428.82,12.53,2024-01-19,ACTIVE
400271,100984,200179,Education Loan,6161881.76,10.24,2024-06-01,ACTIVE
400272,100540,200598,Education Loan,7190121.38,13.83,2023-04-09,ACTIVE
400273,100718,200133,Education Loan,4225815.7,11.42,2023-05-04,ACTIVE
400274,100387,200351,Personal Loan,7597226.16,10.65,2024-04-21,ACTIVE
400275,100228,200525,Personal Loan,2347312.86,12.03,2019-10-03,ACTIVE
400276,100640,200540,Education Loan,2290638.25,14.17,2023-09-07,ACTIVE
400277,100767,200506,Car Loan,1698028.18,13.06,2018-08-17,ACTIVE
400278,100475,200084,Education Loan,3782748.12,7.78,2022-05-23,ACTIVE
400279,100724,200993,Education Loan,8485419.15,9.83,2020-12-14,CLOSED
400280,100751,200464,Home Loan,8296329.42,10.79,2023-07-20,ACTIVE
400281,100207,200830,Education Loan,3889959.66,9.7,2024-08-17,ACTIVE
400282,100318,200861,Personal Loan,5932275.49,12.4,2022-03-28,ACTIVE
400283,100795,200343,Home Loan,7236081.53,13.28,2021-12-15,CLOSED
400284,100757,200280,Car Loan,2487947.07,12.62,2021-03-11,CLOSED
400285,100557,200866,Home Loan,1764596.75,14.43,2021-08-05,ACTIVE
400286,100617,200263,Car Loan,9723750.33,9.41,2018-09-09,ACTIVE
400287,100348,200166,Home Loan,6213817.4,13.62,2018-04-26,ACTIVE
400288,100793,200293,Home Loan,9816015.65,12.87,2024-08-15,DEFAULT
400289,100234,200509,Car Loan,3443784.27,10.04,2018-07-04,CLOSED
400290,100701,200580,Personal Loan,7060013.83,12.64,2019-06-10,ACTIVE
400291,100044,200226,Personal Loan,2303776.0,8.23,2022-02-09,CLOSED
400292,100737,200170,Personal Loan,2685881.7,13.03,2021-11-29,CLOSED
400293,100942,200598,Home Loan,5167831.0,11.23,2024-07-19,ACTIVE
400294,100142,200645,Education Loan,3264219.44,9.55,2018-04-21,ACTIVE
400295,100648,200448,Home Loan,1759453.48,12.09,2021-10-29,ACTIVE
400296,100176,200690,Education Loan,2702518.95,11.99,2022-04-08,ACTIVE
400297,100654,200855,Education Loan,453909.11,8.97,2019-02-03,CLOSED
400298,100449,200502,Personal Loan,7073793.85,7.71,2022-10-20,ACTIVE
400299,100592,200764,Education Loan,4971954.91,10.54,2021-11-14,CLOSED
400300,100082,200527,Home Loan,1033006.36,11.49,2022-01-03,DEFAULT
400301,100135,200735,Home Loan,1799770.53,13.64,2022-08-15,ACTIVE
400302,100719,200379,Personal Loan,1115091.93,14.0,2021-12-09,ACTIVE
400303,100856,200201,Car Loan,6164668.8,11.2,2018-08-20,CLOSED
400304,100177,200619,Home Loan,1032682.6,12.78,2020-09-27,CLOSED
400305,100383,200250,Education Loan,7567395.1,10.58,2020-10-11,CLOSED
400306,100243,200949,Home Loan,303058.1,12.72,2020-08-19,ACTIVE
400307,100567,200409,Home Loan,2568820.3,8.93,2021-07-02,ACTIVE
400308,100141,200601,Home Loan,8917600.09,10.1,2024-08-24,ACTIVE
400309,100457,200125,Car Loan,7213460.05,11.94,2018-12-14,DEFAULT
400310,100440,200113,Education Loan,822386.5,7.63,2018-09-26,ACTIVE
400311,100056,200981,Personal Loan,8229148.43,12.56,2021-06-02,DEFAULT
400312,100527,200137,Home Loan,4981047.7,13.35,2019-04-14,ACTIVE
400313,100697,200759,Education Loan,8483151.97,10.29,2021-10-14,DEFAULT
400314,100826,200496,Education Loan,6047323.77,10.64,2019-11-27,ACTIVE
400315,100419,200678,Personal Loan,6850147.02,13.46,2018-03-22,ACTIVE
400316,100088,200150,Home Loan,9935665.45,12.93,2024-01-15,ACTIVE
400317,100609,200875,Car Loan,2400121.9,9.52,2021-08-28,ACTIVE
400318,100656,200343,Education Loan,6277061.19,9.77,2018-06-03,ACTIVE
400319,100008,200945,Personal Loan,4657181.76,12.25,2023-03-03,ACTIVE
400320,100477,200580,Car Loan,490574.33,11.44,2022-09-27,ACTIVE
400321,100215,200733,Education Loan,243259.35,8.64,2024-05-15,ACTIVE
400322,100685,200783,Home Loan,1280362.92,9.67,2023-10-10,CLOSED
400323,100735,200321,Education Loan,6526008.23,13.8,2022-09-22,ACTIVE
400324,100552,200822,Car Loan,5714914.57,12.32,2020-12-28,ACTIVE
400325,100497,200926,Car Loan,5578952.66,14.4,2018-03-25,CLOSED
400326,100694,200861,Home Loan,415381.95,12.87,2023-04-08,ACTIVE
400327,100503,200532,Home Loan,4746099.66,14.09,2024-08-05,DEFAULT
400328,100782,200289,Personal Loan,9253765.9,9.01,2018-04-02,ACTIVE
400329,100699,200489,Home Loan,4036159.51,12.9,2021-07-20,ACTIVE
400330,100245,200492,Personal Loan,6286732.45,7.64,2022-03-28,ACTIVE
400331,100478,200612,Car Loan,7820204.89,12.2,2024-05-25,ACTIVE
400332,100309,200252,Car Loan,7860860.26,10.78,2022-05-18,ACTIVE
400333,100231,200982,Education Loan,5240872.82,9.93,2021-08-13,ACTIVE
400334,100383,200077,Education Loan,8593724.26,13.54,2024-06-03,ACTIVE
400335,100155,200647,Personal Loan,3974643.12,13.48,2019-02-05,ACTIVE
400336,100175,200392,Home Loan,8898062.83,7.66,2023-06-24,ACTIVE
400337,100848,200412,Home Loan,2478248.95,11.77,2019-02-14,ACTIVE
400338,100115,200173,Education Loan,2874142.43,10.07,2020-04-23,ACTIVE
400339,100390,200875,Car Loan,625894.18,10.41,2021-10-08,ACTIVE
400340,100311,200201,Personal Loan,7976260.18,13.32,2023-07-28,ACTIVE
400341,100993,200217,Car Loan,4228846.84,9.67,2023-08-22,ACTIVE
400342,100300,200376,Car Loan,2368254.48,14.1,2021-10-22,ACTIVE
400343,100018,200720,Home Loan,2394723.75,8.76,2019-11-14,ACTIVE
400344,100784,200586,Personal Loan,9023859.42,12.14,2021-05-11,ACTIVE
400345,100012,200011,Car Loan,8355774.34,12.2,2022-01-28,ACTIVE
400346,100404,200799,Education Loan,5579955.77,9.27,2022-11-21,ACTIVE
400347,100813,200768,Education Loan,6199496.92,9.77,2020-04-06,ACTIVE
400348,100704,200012,Home Loan,4795823.15,13.34,2023-07-29,ACTIVE
400349,100232,200892,Education Loan,3977498.77,12.83,2018-11-05,ACTIVE
400350,100955,200991,Education Loan,9163221.12,9.8,2024-01-04,ACTIVE
400351,100605,200590,Car Loan,1343565.76,11.24,2020-05-26,ACTIVE
400352,100990,200435,Education Loan,4242623.22,7.93,2021-03-23,CLOSED
400353,100730,200684,Education Loan,3511162.89,8.96,2020-12-22,CLOSED
400354,100278,200608,Car Loan,5031692.13,10.9,2018-07-14,ACTIVE
400355,100353,200818,Home Loan,4630555.56,8.1,2021-05-02,ACTIVE
400356,100999,200373,Home Loan,5237006.36,13.4,2024-06-07,ACTIVE
400357,100303,200273,Personal Loan,1485197.87,12.53,2022-07-05,CLOSED
400358,100541,200931,Education Loan,5180100.86,14.11,2020-07-14,ACTIVE
400359,100470,200897,Car Loan,2499946.26,12.35,2019-01-12,DEFAULT
400360,100813,200925,Personal Loan,1924880.35,14.08,2024-06-26,ACTIVE
400361,100077,200691,Home Loan,741858.77,11.38,2019-01-24,ACTIVE
400362,100521,200576,Home Loan,7650260.33,11.7,2024-08-21,ACTIVE
400363,100024,200509,Car Loan,4331675.02,14.34,2021-10-11,ACTIVE
400364,100015,200132,Personal Loan,6303772.46,11.99,2021-01-24,ACTIVE
400365,100676,200855,Personal Loan,7303174.1,7.72,2018-10-03,ACTIVE
400366,100525,200924,Car Loan,6825234.99,12.57,2024-05-09,ACTIVE
400367,100347,200784,Car Loan,4757957.12,13.84,2023-12-16,CLOSED
400368,100172,200319,Personal Loan,3940195.44,13.07,2023-05-01,ACTIVE
400369,100869,200844,Home Loan,3822003.11,11.59,2022-10-16,ACTIVE
400370,100327,200949,Education Loan,6436483.09,12.2,2020-05-09,ACTIVE
400371,100712,200853,Home Loan,4998464.11,14.43,2021-11-23,CLOSED
400372,100485,200621,Car Loan,8506409.26,8.13,2018-11-11,CLOSED
400373,100489,200785,Personal Loan,8759549.64,12.17,2021-05-21,ACTIVE
400374,100462,200168,Personal Loan,1788547.74,9.48,2023-08-30,ACTIVE
400375,100378,200397,Education Loan,1448713.15,11.98,2021-05-13,ACTIVE
400376,100588,200180,Personal Loan,6340969.17,11.75,2022-11-09,ACTIVE
400377,100164,200058,Education Loan,3082134.91,8.57,2024-01-21,ACTIVE
400378,100372,200480,Home Loan,283850.12,8.95,2021-07-07,DEFAULT
400379,100573,200933,Home Loan,8897562.43,11.85,2020-03-30,ACTIVE
400380,101000,200591,Personal Loan,2346317.6,8.4,2022-08-25,ACTIVE
400381,100977,200460,Personal Loan,9299878.45,9.36,2022-07-06,ACTIVE
400382,100424,200061,Car Loan,7202601.06,13.35,2020-10-26,CLOSED
400383,100757,200369,Car Loan,7650269.55,9.79,2023-10-12,ACTIVE
400384,100477,200121,Personal Loan,2094468.81,10.92,2023-01-31,ACTIVE
400385,100382,200719,Personal Loan,2418524.81,14.09,2024-02-21,ACTIVE
400386,100155,200546,Home Loan,5260550.76,9.09,2020-01-10,ACTIVE
400387,100257,200582,Personal Loan,1803788.54,10.23,2018-03-18,CLOSED
400388,100756,200017,Car Loan,3123773.76,11.75,2023-10-16,ACTIVE
400389,100674,200496,Home Loan,3282478.53,12.79,2020-02-04,CLOSED
400390,100068,200497,Education Loan,1680336.34,13.81,2024-06-20,ACTIVE
400391,100344,200505,Car Loan,2131310.05,13.91,2023-08-07,ACTIVE
400392,100277,200532,Car Loan,7906663.24,12.94,2020-05-22,CLOSED
400393,100673,200969,Home Loan,1755238.96,9.1,2023-03-30,ACTIVE
400394,100391,200315,Education Loan,381728.18,7.67,2021-01-02,ACTIVE
400395,100449,200069,Car Loan,6330613.93,10.19,2023-12-23,ACTIVE
400396,100259,200727,Personal Loan,9762232.88,8.49,2022-11-12,ACTIVE
400397,100307,200161,Car Loan,3379016.76,12.47,2024-05-07,ACTIVE
400398,100847,200614,Home Loan,1274691.46,12.13,2018-09-03,DEFAULT
400399,100095,200888,Home Loan,5746834.52,7.81,2023-11-10,DEFAULT
400400,100950,200718,Home Loan,9072906.69,13.36,2020-04-01,ACTIVE
400401,100464,200145,Car Loan,7862211.62,9.24,2022-02-01,ACTIVE
400402,100970,200569,Education Loan,6262907.1,10.53,2023-03-10,ACTIVE
400403,100246,200595,Personal Loan,3219059.32,12.18,2019-08-29,ACTIVE
400404,100733,200993,Home Loan,5464613.72,10.51,2020-09-11,ACTIVE
400405,100635,200385,Education Loan,1003323.93,10.59,2019-09-09,ACTIVE
400406,100187,200269,Personal Loan,6821559.7,7.96,2021-05-14,ACTIVE
400407,100774,200923,Home Loan,7278450.59,10.31,2022-11-19,ACTIVE
400408,100925,200454,Personal Loan,9653813.07,12.85,2022-08-08,ACTIVE
400409,100785,200699,Personal Loan,2677933.85,13.91,2021-07-29,ACTIVE
400410,100373,200518,Education Loan,282718.55,10.39,2018-09-21,CLOSED
400411,100572,200865,Personal Loan,5501523.8,10.47,2020-04-13,ACTIVE
400412,100406,200350,Home Loan,7097225.99,12.42,2022-08-17,ACTIVE
400413,100408,200110,Education Loan,7925034.01,14.1,2020-12-29,ACTIVE
400414,100125,200483,Car Loan,2018015.44,9.37,2021-03-21,ACTIVE
400415,100337,200407,Car Loan,2691353.4,10.58,2019-10-20,ACTIVE
400416,100341,200650,Education Loan,5174650.16,13.07,2020-11-16,ACTIVE
400417,100563,200051,Car Loan,3372948.02,11.77,2024-09-28,DEFAULT
400418,100178,200403,Personal Loan,8619063.72,8.27,2020-08-25,ACTIVE
400419,100651,200563,Home Loan,4790225.52,11.89,2022-07-21,ACTIVE
400420,100952,200476,Personal Loan,8015828.58,8.81,2020-09-03,ACTIVE
400421,100839,200087,Education Loan,5848135.63,11.07,2019-04-11,DEFAULT
400422,100170,200068,Home Loan,7753592.4,11.2,2019-09-07,CLOSED
400423,100039,200596,Education Loan,3393462.57,13.63,2020-02-26,CLOSED
400424,100069,200979,Education Loan,8331024.56,10.74,2018-04-24,ACTIVE
400425,100236,200042,Education Loan,2818265.92,9.46,2020-10-02,DEFAULT
400426,100560,200731,Personal Loan,5506378.2,9.12,2021-06-25,ACTIVE
400427,100381,200057,Home Loan,2218670.42,13.62,2023-03-17,ACTIVE
400428,100057,200738,Home Loan,4807712.56,8.7,2023-06-12,CLOSED
400429,100277,200196,Home Loan,3249934.57,10.48,2024-04-12,DEFAULT
400430,100850,200760,Personal Loan,2740363.96,8.81,2022-11-22,ACTIVE
400431,100099,200678,Car Loan,9673151.68,12.91,2022-09-25,ACTIVE
400432,100916,200062,Personal Loan,1684733.64,10.82,2018-06-01,ACTIVE
400433,100527,200263,Personal Loan,7894525.79,9.96,2020-04-07,ACTIVE
400434,100325,200112,Education Loan,9843233.1,10.03,2019-10-15,ACTIVE
400435,100461,200765,Home Loan,297024.69,13.47,2021-01-22,DEFAULT
400436,100179,200711,Home Loan,7020371.4,11.38,2019-07-13,ACTIVE
400437,100844,200178,Car Loan,2603826.88,12.53,2018-04-30,CLOSED
400438,100574,200948,Car Loan,500829.46,13.78,2020-11-24,CLOSED
400439,100119,200026,Education Loan,4088606.83,13.81,2021-02-11,ACTIVE
400440,100469,200410,Home Loan,9358656.32,9.8,2024-03-05,CLOSED
400441,100549,200758,Car Loan,216474.43,14.17,2019-12-22,ACTIVE
400442,100646,200531,Car Loan,5920068.35,7.67,2018-06-22,ACTIVE
400443,100455,200777,Home Loan,5063825.14,10.14,2023-06-14,ACTIVE
400444,100026,200317,Personal Loan,8746503.23,13.77,2018-03-23,ACTIVE
400445,100490,200532,Car Loan,931616.97,9.42,2018-08-15,CLOSED
400446,100008,200106,Home Loan,6847107.7,9.41,2018-12-10,DEFAULT
400447,100969,200749,Car Loan,6833086.01,9.62,2021-07-09,ACTIVE
400448,100987,200818,Education Loan,6723892.17,11.79,2024-09-30,CLOSED
400449,100516,200464,Car Loan,9429111.5,10.57,2021-05-05,ACTIVE
400450,100533,200246,Home Loan,8248566.54,12.59,2018-09-18,CLOSED
400451,100927,200081,Car Loan,515529.99,13.76,2022-07-26,ACTIVE
400452,100149,200662,Education Loan,4763720.22,12.22,2022-01-28,ACTIVE
400453,100488,200909,Education Loan,4039735.26,8.93,2019-01-05,ACTIVE
400454,100025,200396,Car Loan,3170457.49,14.03,2022-06-14,ACTIVE
400455,100999,200522,Car Loan,4568233.58,9.35,2019-07-30,ACTIVE
400456,100655,200833,Education Loan,3903522.43,8.55,2020-08-24,DEFAULT
400457,100757,200736,Education Loan,4380105.61,8.13,2019-04-04,ACTIVE
400458,100931,200926,Personal Loan,9794692.47,11.44,2024-05-27,DEFAULT
400459,100945,200264,Personal Loan,977466.45,8.3,2023-08-12,CLOSED
400460,100555,200661,Education Loan,9230085.61,8.47,2019-05-10,ACTIVE
400461,100425,200790,Car Loan,4854343.46,9.6,2023-11-08,ACTIVE
400462,100293,200274,Home Loan,6275048.23,9.47,2024-07-05,CLOSED
400463,100185,200706,Car Loan,8318811.37,11.73,2023-11-22,ACTIVE
400464,100554,200944,Car Loan,3668583.99,13.22,2020-10-28,ACTIVE
400465,100431,200172,Personal Loan,4361176.89,12.83,2023-07-27,ACTIVE
400466,100604,200265,Personal Loan,4154232.95,9.34,2019-01-05,ACTIVE
400467,100317,200963,Personal Loan,3809837.12,9.22,2020-09-02,DEFAULT
400468,100398,200822,Education Loan,9262740.28,14.26,2024-09-22,ACTIVE
400469,100324,200026,Education Loan,8306405.92,7.56,2019-05-16,ACTIVE
400470,100565,200469,Car Loan,1179099.9,13.66,2021-07-07,ACTIVE
400471,100596,200862,Car Loan,1170421.19,8.9,2021-09-10,CLOSED
400472,100546,200476,Home Loan,4335908.2,14.13,2024-07-21,CLOSED
400473,100076,200356,Car Loan,1076708.03,9.9,2022-05-17,ACTIVE
400474,100865,200026,Car Loan,6229021.64,10.58,2020-08-24,ACTIVE
400475,100920,200034,Personal Loan,1522546.91,12.45,2022-09-29,ACTIVE
400476,100916,200264,Personal Loan,5271495.31,11.61,2020-06-11,ACTIVE
400477,100709,200138,Personal Loan,171477.48,9.73,2019-08-14,ACTIVE
400478,100486,200816,Personal Loan,3234303.85,11.38,2019-03-14,DEFAULT
400479,100798,200695,Personal Loan,6804188.16,12.61,2019-12-19,ACTIVE
400480,100088,200875,Home Loan,4891985.51,7.8,2020-05-26,ACTIVE
400481,100747,200754,Home Loan,9784867.91,7.58,2021-01-29,CLOSED
400482,100232,200566,Home Loan,8753627.58,10.71,2022-12-06,ACTIVE
400483,100007,200462,Personal Loan,3654800.71,8.42,2022-07-31,ACTIVE
400484,100804,200168,Education Loan,550316.76,12.15,2020-11-07,ACTIVE
400485,100550,200631,Personal Loan,8471700.37,9.0,2024-08-11,ACTIVE
400486,100976,200655,Personal Loan,9121219.67,10.53,2018-08-18,DEFAULT
400487,100052,200081,Home Loan,8224211.19,8.88,2023-07-02,ACTIVE
400488,100655,200757,Personal Loan,1366704.42,11.34,2023-12-26,ACTIVE
400489,100942,200914,Home Loan,9979359.83,8.31,2022-03-15,ACTIVE
400490,100919,200864,Personal Loan,2659983.79,7.66,2019-04-08,DEFAULT
400491,100396,200870,Car Loan,7269628.64,7.86,2021-07-20,ACTIVE
400492,100221,200407,Education Loan,9089545.28,14.18,2024-02-14,ACTIVE
400493,100428,200574,Education Loan,2433302.43,8.5,2022-10-02,DEFAULT
400494,100752,200046,Home Loan,9091759.69,12.46,2023-04-30,ACTIVE
400495,100143,200599,Car Loan,3163867.63,7.98,2020-10-06,CLOSED
400496,100861,200611,Education Loan,9766490.9,8.26,2021-02-11,ACTIVE
400497,100363,200807,Home Loan,2884474.2,11.06,2019-08-17,ACTIVE
400498,100382,200911,Personal Loan,9539014.67,10.75,2022-01-26,ACTIVE
400499,100561,200053,Personal Loan,630092.04,14.16,2023-05-01,ACTIVE
400500,100277,200984,Car Loan,7121792.92,14.11,2022-02-15,ACTIVE
400501,100271,200704,Education Loan,5367900.22,12.96,2021-06-16,ACTIVE
400502,100014,200959,Personal Loan,4830983.06,11.71,2018-03-28,ACTIVE
400503,100298,200476,Home Loan,2312593.71,10.68,2024-10-17,ACTIVE
400504,100464,200592,Personal Loan,7085398.32,9.99,2018-05-23,ACTIVE
400505,100527,200016,Personal Loan,1989013.97,14.13,2018-08-12,DEFAULT
400506,100234,200360,Education Loan,5573133.78,11.72,2020-09-08,ACTIVE
400507,100575,200487,Education Loan,2607129.09,11.55,2020-11-02,DEFAULT
400508,100708,200838,Home Loan,9560651.66,9.12,2024-03-13,ACTIVE
400509,100027,200706,Car Loan,383448.82,7.83,2022-04-25,ACTIVE
400510,100471,200502,Car Loan,2077309.97,14.12,2021-06-20,ACTIVE
400511,100093,200141,Personal Loan,2498875.0,9.7,2022-01-26,CLOSED
400512,100617,200620,Home Loan,4199271.48,10.6,2019-05-15,CLOSED
400513,100309,200815,Car Loan,2404029.39,8.3,2023-12-31,ACTIVE
400514,100052,200777,Car Loan,4964355.99,13.36,2020-08-26,DEFAULT
400515,100319,200447,Personal Loan,8737408.68,7.69,2022-12-18,ACTIVE
400516,100969,200290,Home Loan,7149427.87,13.34,2022-05-11,ACTIVE
400517,100181,200209,Car Loan,5841623.61,8.48,2018-02-02,DEFAULT
400518,100569,200475,Education Loan,981131.46,13.71,2022-05-29,CLOSED
400519,100120,200413,Education Loan,6970521.87,12.61,2020-11-12,DEFAULT
400520,100820,200677,Personal Loan,1747501.41,8.65,2021-05-17,ACTIVE
400521,100875,200427,Personal Loan,7885037.12,11.46,2019-01-05,ACTIVE
400522,100043,200854,Personal Loan,2575561.91,9.69,2020-08-22,ACTIVE
400523,100647,200371,Personal Loan,4228782.41,8.75,2021-05-03,ACTIVE
400524,100885,200832,Car Loan,3569655.0,13.51,2020-05-11,CLOSED
400525,100938,200664,Home Loan,8602257.76,10.32,2019-10-19,ACTIVE
400526,100260,200967,Personal Loan,1352790.14,10.29,2022-12-03,ACTIVE
400527,100197,200290,Personal Loan,5699884.34,8.69,2021-07-23,ACTIVE
400528,100645,200432,Car Loan,1506409.93,10.18,2022-07-23,ACTIVE
400529,100971,200268,Personal Loan,7077478.78,13.6,2018-05-19,ACTIVE
400530,100255,200151,Personal Loan,9060273.47,10.04,2021-01-27,ACTIVE
400531,100732,200719,Home Loan,4402615.77,14.16,2018-11-25,CLOSED
400532,100336,200255,Education Loan,4932113.38,14.12,2023-07-07,ACTIVE
400533,100553,200353,Personal Loan,9281486.08,8.51,2023-04-14,CLOSED
400534,100502,200377,Car Loan,5257814.75,8.74,2022-08-19,ACTIVE
400535,100990,200653,Home Loan,4927224.54,13.54,2021-09-24,ACTIVE
400536,100900,200855,Car Loan,5825458.12,10.25,2022-09-27,ACTIVE
400537,100255,200358,Home Loan,6923374.39,7.53,2019-02-16,CLOSED
400538,100514,200608,Home Loan,1158145.41,9.42,2019-10-19,ACTIVE
400539,100707,200941,Personal Loan,8228994.22,11.68,2020-12-04,ACTIVE
400540,100242,200370,Personal Loan,4411499.77,13.09,2023-09-05,ACTIVE
400541,100149,200227,Personal Loan,816250.25,8.43,2018-09-29,ACTIVE
400542,100710,200705,Education Loan,7883208.43,8.27,2021-12-12,CLOSED
400543,100299,200303,Education Loan,3831804.72,13.95,2022-09-20,CLOSED
400544,100757,200826,Car Loan,1093638.2,12.76,2024-10-02,ACTIVE
400545,100850,200389,Personal Loan,6374412.49,11.63,2024-02-22,ACTIVE
400546,100620,200377,Education Loan,8813300.4,12.88,2021-08-31,CLOSED
400547,100453,200973,Personal Loan,8888759.74,10.5,2023-01-31,ACTIVE
400548,100393,200118,Education Loan,9580868.4,12.81,2018-04-23,ACTIVE
400549,100212,200005,Education Loan,8690284.05,10.1,2018-08-02,ACTIVE
400550,100668,200444,Home Loan,121195.1,9.21,2020-01-23,ACTIVE
400551,100538,200352,Personal Loan,3864387.55,12.6,2022-12-22,ACTIVE
400552,100594,200755,Personal Loan,8203571.54,10.44,2019-07-12,CLOSED
400553,100595,200533,Education Loan,3725904.76,14.37,2018-01-13,ACTIVE
400554,100131,200664,Personal Loan,6055330.21,9.95,2022-06-30,ACTIVE
400555,100329,200640,Education Loan,6102537.78,13.95,2020-03-30,CLOSED
400556,100612,200124,Personal Loan,3713750.51,14.03,2021-06-05,ACTIVE
400557,100256,200658,Home Loan,9054291.88,9.19,2021-07-09,ACTIVE
400558,100479,200277,Personal Loan,5081960.62,13.09,2024-06-16,ACTIVE
400559,100561,200822,Home Loan,4701363.64,10.53,2018-12-03,ACTIVE
400560,100913,200394,Car Loan,9975386.08,13.92,2019-03-30,DEFAULT
400561,100063,200664,Personal Loan,4985653.6,10.65,2019-10-09,CLOSED
400562,100311,200360,Personal Loan,1866142.69,12.71,2020-10-19,ACTIVE
400563,100407,200623,Personal Loan,5179387.29,10.77,2023-10-17,CLOSED
400564,100802,200469,Home Loan,8158765.68,9.09,2019-06-17,ACTIVE
400565,100105,200985,Personal Loan,7790917.24,8.9,2024-08-30,DEFAULT
400566,100617,200628,Personal Loan,7906959.47,10.48,2022-08-08,ACTIVE
400567,100837,200700,Education Loan,7109435.46,12.79,2021-08-01,ACTIVE
400568,100015,200057,Car Loan,2616756.51,11.74,2023-01-24,ACTIVE
400569,100687,200251,Home Loan,8634632.45,12.32,2023-05-14,ACTIVE
400570,100259,200896,Education Loan,8945090.31,9.48,2019-07-01,ACTIVE
400571,100723,200919,Home Loan,2022111.7,10.87,2020-12-03,ACTIVE
400572,100412,200150,Education Loan,1391510.8,7.81,2019-12-12,CLOSED
400573,100259,200452,Car Loan,9758489.19,13.22,2024-08-26,ACTIVE
400574,100614,200162,Education Loan,8696407.24,14.43,2021-09-03,DEFAULT
400575,100260,200120,Home Loan,8943037.86,10.35,2021-02-28,ACTIVE
400576,100856,200582,Personal Loan,8875126.21,7.58,2020-03-24,ACTIVE
400577,100671,200924,Personal Loan,5462699.56,8.69,2018-12-12,DEFAULT
400578,100045,200351,Car Loan,6499377.19,12.07,2022-08-25,ACTIVE
400579,100955,200099,Home Loan,5499092.24,11.78,2022-02-14,CLOSED
400580,100813,200167,Home Loan,606942.86,13.02,2020-01-16,CLOSED
400581,100763,200810,Home Loan,7480480.54,9.28,2022-05-31,ACTIVE
400582,100331,200663,Car Loan,5102787.13,12.85,2022-03-26,ACTIVE
400583,100165,200838,Personal Loan,6512319.84,12.32,2024-05-25,ACTIVE
400584,100193,200976,Education Loan,5076134.07,9.76,2020-07-08,ACTIVE
400585,100521,200514,Car Loan,4968932.09,11.32,2018-03-26,ACTIVE
400586,100401,200664,Education Loan,1800712.18,8.53,2018-04-05,CLOSED
400587,100374,200401,Personal Loan,2859265.78,10.67,2024-04-06,ACTIVE
400588,100065,200365,Car Loan,1672641.65,13.67,2020-07-25,ACTIVE
400589,100387,200577,Personal Loan,2037096.33,10.45,2018-12-31,ACTIVE
400590,100495,200326,Education Loan,9732476.07,13.38,2023-03-10,DEFAULT
400591,100794,200581,Home Loan,1615823.11,11.63,2020-03-23,ACTIVE
400592,100693,200633,Home Loan,2765777.2,8.84,2020-12-08,ACTIVE
400593,100415,200621,Education Loan,5946837.61,11.57,2019-11-23,ACTIVE
400594,100794,200828,Home Loan,6140767.9,11.04,2018-07-23,DEFAULT
400595,100791,200247,Education Loan,1624343.88,10.29,2022-07-01,DEFAULT
400596,100030,200434,Car Loan,7957802.52,8.34,2022-10-23,ACTIVE
400597,100266,200093,Car Loan,7873508.39,10.42,2024-09-25,CLOSED
400598,100328,200268,Car Loan,2449445.27,8.01,2020-12-01,ACTIVE
400599,100492,200615,Home Loan,2957796.4,8.19,2019-09-04,DEFAULT
400600,100217,200943,Personal Loan,9386079.87,10.41,2018-12-31,ACTIVE
400601,100320,200963,Home Loan,8274147.32,9.64,2022-02-16,ACTIVE
400602,100918,200624,Home Loan,7008190.63,13.98,2019-11-28,ACTIVE
400603,100399,200321,Personal Loan,914108.89,10.13,2024-05-12,ACTIVE
400604,100891,200923,Personal Loan,4240814.4,12.81,2019-04-26,CLOSED
400605,100105,200816,Personal Loan,5637088.53,11.21,2018-02-27,ACTIVE
400606,100696,200856,Personal Loan,1955371.75,12.43,2023-11-24,DEFAULT
400607,100330,200062,Home Loan,4537443.16,9.32,2022-11-18,ACTIVE
400608,100660,200300,Education Loan,6050156.19,14.09,2023-02-02,ACTIVE
400609,100617,200403,Car Loan,3341029.13,11.21,2023-07-18,ACTIVE
400610,100047,200955,Education Loan,7831353.71,13.32,2019-05-01,ACTIVE
400611,100599,200648,Home Loan,8420450.86,10.06,2020-07-08,CLOSED
400612,100821,200567,Personal Loan,3303733.75,8.2,2020-04-12,ACTIVE
400613,100949,200620,Car Loan,8402705.83,12.22,2020-02-20,ACTIVE
400614,100641,200303,Car Loan,1125408.0,7.55,2020-12-26,ACTIVE
400615,100770,200770,Education Loan,8393518.08,10.83,2021-03-25,ACTIVE
400616,100314,200253,Home Loan,1612229.27,8.85,2023-07-18,DEFAULT
400617,100147,200734,Home Loan,920978.81,11.89,2022-04-14,ACTIVE
400618,100958,200478,Home Loan,6453576.5,14.36,2019-06-18,CLOSED
400619,100462,200369,Car Loan,4772179.92,10.75,2022-11-02,ACTIVE
400620,100584,200679,Education Loan,9088116.94,13.22,2020-04-26,ACTIVE
400621,100486,200941,Car Loan,3695573.04,11.05,2024-09-23,DEFAULT
400622,100652,200160,Car Loan,2942807.41,10.97,2020-06-01,ACTIVE
400623,100410,200961,Personal Loan,5057275.57,14.01,2021-03-05,ACTIVE
400624,100027,200166,Education Loan,4613867.24,13.73,2020-02-15,ACTIVE
400625,100029,200205,Personal Loan,3509837.66,13.0,2022-09-10,ACTIVE
400626,100271,200267,Home Loan,6968038.86,9.57,2020-01-09,CLOSED
400627,100686,200138,Car Loan,7619662.16,11.32,2022-08-01,ACTIVE
400628,100501,200368,Education Loan,8544541.29,9.07,2019-08-21,DEFAULT
400629,100253,200443,Home Loan,9731280.39,10.61,2018-04-28,ACTIVE
400630,100385,200858,Education Loan,2739896.3,10.89,2021-04-03,ACTIVE
400631,100060,200760,Car Loan,7189325.48,13.32,2020-12-08,ACTIVE
400632,100107,200567,Education Loan,4003156.53,13.77,2020-08-22,ACTIVE
400633,100220,200916,Home Loan,6803111.52,10.4,2023-01-22,DEFAULT
400634,100441,200721,Personal Loan,4812218.73,7.62,2020-10-14,ACTIVE
400635,100771,200017,Car Loan,9938353.72,13.53,2022-02-23,ACTIVE
400636,100883,200068,Personal Loan,7316131.14,8.72,2024-07-15,CLOSED
400637,100658,200133,Car Loan,9529663.87,11.85,2023-02-20,CLOSED
400638,100564,200700,Home Loan,8366198.54,7.67,2018-12-18,ACTIVE
400639,100572,200919,Car Loan,9038720.01,10.3,2018-02-12,CLOSED
400640,100546,200430,Personal Loan,8162750.05,14.4,2023-04-05,ACTIVE
400641,100096,200308,Car Loan,4645675.39,8.2,2019-06-30,ACTIVE
400642,100989,200650,Home Loan,2592705.69,10.47,2021-08-17,ACTIVE
400643,100089,200174,Car Loan,3766169.74,9.65,2022-06-17,ACTIVE
400644,100828,200412,Personal Loan,300338.7,13.84,2020-05-19,ACTIVE
400645,100922,200097,Home Loan,5287532.36,13.59,2022-04-20,ACTIVE
400646,100231,200683,Personal Loan,5100072.22,9.16,2022-09-30,ACTIVE
400647,100968,200154,Car Loan,5299979.6,8.07,2024-09-12,CLOSED
400648,100275,200695,Education Loan,9742909.13,11.89,2020-11-15,DEFAULT
400649,100246,200242,Personal Loan,9123394.63,9.85,2018-10-27,CLOSED
400650,100111,200304,Car Loan,1700956.51,12.2,2019-01-26,ACTIVE
400651,100234,200285,Education Loan,3751936.96,7.72,2024-03-31,ACTIVE
400652,100278,200027,Education Loan,4297166.18,8.43,2018-08-29,ACTIVE
400653,100477,200402,Home Loan,3669275.89,12.3,2018-08-02,ACTIVE
400654,100417,200360,Education Loan,8005110.04,8.99,2021-09-25,ACTIVE
400655,100678,200060,Personal Loan,5287972.93,13.5,2020-08-19,ACTIVE
400656,100128,200202,Personal Loan,5763788.19,7.91,2023-04-13,CLOSED
400657,100237,200762,Education Loan,8544834.23,9.01,2021-12-22,ACTIVE
400658,100803,200874,Car Loan,8078688.72,14.49,2024-10-19,ACTIVE
400659,100619,200581,Personal Loan,1408894.08,10.53,2024-09-16,ACTIVE
400660,100128,200970,Personal Loan,7167754.38,12.42,2018-07-06,ACTIVE
400661,100707,200370,Home Loan,4410817.68,8.78,2018-01-22,ACTIVE
400662,100851,200533,Car Loan,3017024.14,11.77,2020-11-04,ACTIVE
400663,100394,200152,Education Loan,595186.33,12.58,2023-08-29,ACTIVE
400664,100475,200102,Car Loan,4923770.65,9.7,2022-04-10,ACTIVE
400665,100655,200899,Home Loan,3618823.14,13.3,2021-05-24,ACTIVE
400666,100395,201000,Home Loan,2589979.09,11.72,2022-06-05,CLOSED
400667,100111,200607,Car Loan,6977250.12,10.22,2022-02-28,CLOSED
400668,100090,200446,Home Loan,7717905.33,11.4,2019-06-26,ACTIVE
400669,100763,200873,Home Loan,2523416.24,11.54,2024-04-10,ACTIVE
400670,100280,200229,Home Loan,589529.62,8.66,2018-06-18,CLOSED
400671,100333,200125,Car Loan,8502651.74,10.32,2024-07-05,ACTIVE
400672,100224,200770,Home Loan,198601.44,9.9,2020-01-05,ACTIVE
400673,100101,200834,Education Loan,9377413.69,10.31,2020-12-02,ACTIVE
400674,100132,200999,Education Loan,6313436.75,12.83,2019-11-27,ACTIVE
400675,100013,200881,Personal Loan,3286281.69,10.88,2023-08-26,CLOSED
400676,100457,200938,Education Loan,2540131.3,14.08,2023-07-12,CLOSED
400677,100441,200236,Personal Loan,189156.08,9.56,2021-10-21,ACTIVE
400678,100098,200162,Car Loan,2431167.03,10.41,2023-04-02,ACTIVE
400679,100120,200554,Home Loan,1463510.19,13.01,2019-06-25,ACTIVE
400680,100293,200788,Education Loan,6160445.59,11.32,2019-01-03,ACTIVE
400681,100816,200353,Personal Loan,1748801.33,11.33,2021-07-23,DEFAULT
400682,100711,200068,Car Loan,5333435.39,7.87,2023-12-13,ACTIVE
400683,100001,200173,Personal Loan,5942152.58,10.29,2022-11-09,ACTIVE
400684,100572,200843,Home Loan,3050612.81,9.4,2019-08-04,CLOSED
400685,100250,200637,Education Loan,447143.0,14.5,2020-12-02,CLOSED
400686,100652,200682,Car Loan,468813.42,9.66,2019-04-24,CLOSED
400687,100149,200559,Personal Loan,360838.59,13.69,2021-07-07,ACTIVE
400688,100395,200261,Car Loan,7417334.2,12.23,2018-06-30,ACTIVE
400689,100044,200217,Personal Loan,3248296.08,9.89,2019-06-08,ACTIVE
400690,100883,200817,Personal Loan,7983371.84,11.3,2023-08-07,ACTIVE
400691,100698,200124,Home Loan,4374154.96,13.38,2021-02-24,DEFAULT
400692,100620,200805,Home Loan,4584681.2,13.68,2022-01-16,ACTIVE
400693,100044,200162,Personal Loan,5177537.76,8.62,2022-10-28,DEFAULT
400694,100078,200201,Education Loan,7159011.42,9.88,2021-03-04,ACTIVE
400695,100226,200454,Car Loan,2807678.37,9.85,2020-12-14,CLOSED
400696,100162,200402,Car Loan,1303714.76,7.79,2020-12-16,ACTIVE
400697,100793,200462,Home Loan,5604967.62,11.69,2023-10-19,DEFAULT
400698,100253,200275,Education Loan,3337078.47,13.48,2021-07-06,ACTIVE
400699,100132,200206,Personal Loan,4480664.01,10.17,2022-11-20,ACTIVE
400700,100448,200040,Home Loan,6504772.41,12.68,2019-11-07,CLOSED
400701,100884,200273,Personal Loan,4991844.84,11.89,2021-07-16,ACTIVE
400702,100887,200700,Personal Loan,6240760.29,10.13,2023-07-06,ACTIVE
400703,100474,200867,Home Loan,5487580.02,8.49,2019-09-12,DEFAULT
400704,100656,200093,Education Loan,7423984.08,12.47,2024-03-26,ACTIVE
400705,100778,200042,Car Loan,7088772.52,13.48,2022-12-08,ACTIVE
400706,100109,200465,Home Loan,5388479.93,12.3,2018-08-06,ACTIVE
400707,100706,200379,Education Loan,6821139.91,7.63,2020-02-13,CLOSED
400708,100035,200107,Personal Loan,8748240.06,9.01,2019-09-01,ACTIVE
400709,100467,200328,Home Loan,4379485.75,7.99,2018-08-12,ACTIVE
400710,100902,200065,Car Loan,4186354.42,11.49,2020-07-30,ACTIVE
400711,100275,200365,Car Loan,7666031.65,12.8,2020-01-21,ACTIVE
400712,100187,200821,Personal Loan,5867282.99,8.27,2018-05-27,ACTIVE
400713,100949,200484,Home Loan,802967.12,13.37,2023-04-11,ACTIVE
400714,100243,200647,Car Loan,8931908.96,11.39,2020-12-01,ACTIVE
400715,100264,200901,Home Loan,404752.71,12.33,2019-11-01,ACTIVE
400716,100974,200024,Car Loan,7509123.93,14.3,2023-03-29,ACTIVE
400717,100522,200540,Personal Loan,7612062.01,8.09,2022-11-23,ACTIVE
400718,100963,200062,Personal Loan,9535799.74,13.81,2019-04-21,ACTIVE
400719,100678,200491,Home Loan,635930.64,8.38,2023-07-21,ACTIVE
400720,100541,200273,Education Loan,6008882.92,10.25,2018-06-17,ACTIVE
400721,100783,200229,Education Loan,4335621.65,13.46,2022-12-14,ACTIVE
400722,100087,200020,Personal Loan,3373266.25,13.84,2021-12-31,ACTIVE
400723,100535,200003,Car Loan,994153.75,11.04,2024-04-16,CLOSED
400724,100210,200421,Education Loan,5670275.78,11.66,2023-06-11,ACTIVE
400725,100046,200730,Personal Loan,4842503.18,12.46,2023-02-18,ACTIVE
400726,100467,200911,Car Loan,1135089.14,13.33,2023-07-13,ACTIVE
400727,100540,200307,Car Loan,6163646.12,8.35,2019-04-06,ACTIVE
400728,100026,200432,Education Loan,7405735.89,13.17,2019-08-30,DEFAULT
400729,100266,200136,Personal Loan,7696055.18,10.87,2019-05-22,ACTIVE
400730,100175,200909,Car Loan,9063194.56,10.65,2021-12-02,ACTIVE
400731,100516,200944,Car Loan,4153760.34,10.47,2019-01-19,ACTIVE
400732,100311,200515,Home Loan,9535420.41,11.06,2020-04-14,ACTIVE
400733,100322,200193,Home Loan,8667751.11,14.12,2021-03-09,ACTIVE
400734,100579,200585,Education Loan,3035365.55,11.34,2020-01-10,ACTIVE
400735,100135,200415,Home Loan,1676902.07,14.17,2019-11-21,CLOSED
400736,100055,200873,Personal Loan,4410355.02,8.76,2023-09-15,ACTIVE
400737,100976,200118,Education Loan,4078797.21,12.57,2021-01-22,ACTIVE
400738,100543,200666,Education Loan,5799621.12,13.19,2024-04-26,ACTIVE
400739,100586,200209,Home Loan,5875523.7,12.25,2024-07-26,ACTIVE
400740,100531,200952,Car Loan,7524871.15,11.75,2020-05-19,ACTIVE
400741,100156,200034,Personal Loan,5147910.49,11.45,2024-07-18,ACTIVE
400742,100849,200649,Personal Loan,1137744.15,13.53,2018-01-17,ACTIVE
400743,100668,200318,Personal Loan,8597084.22,13.25,2023-11-25,ACTIVE
400744,100147,200120,Education Loan,3166669.37,8.36,2024-05-26,CLOSED
400745,100485,200627,Personal Loan,9715844.86,13.44,2020-01-10,ACTIVE
400746,100599,200525,Car Loan,1266815.08,10.4,2022-09-02,CLOSED
400747,100020,200581,Car Loan,9586686.61,9.28,2018-11-11,ACTIVE
400748,100269,200937,Home Loan,1001016.89,13.59,2020-10-05,ACTIVE
400749,100333,200845,Personal Loan,2387257.77,10.52,2023-08-03,DEFAULT
400750,100555,200769,Education Loan,561141.43,13.16,2019-01-22,ACTIVE
400751,100907,200089,Home Loan,7080620.15,9.34,2021-09-08,CLOSED
400752,100944,200512,Car Loan,8517957.49,7.53,2018-04-17,CLOSED
400753,100911,200047,Personal Loan,4397303.71,10.97,2021-03-10,ACTIVE
400754,100401,200772,Car Loan,9292368.54,8.2,2019-05-15,ACTIVE
400755,100950,200740,Home Loan,5943960.81,12.78,2022-06-03,ACTIVE
400756,100306,200959,Car Loan,6337070.64,9.43,2022-03-11,DEFAULT
400757,100028,200692,Personal Loan,8469650.1,10.61,2024-08-15,CLOSED
400758,100467,200522,Personal Loan,3038322.03,8.11,2019-03-11,ACTIVE
400759,100260,200284,Home Loan,3607230.64,9.51,2021-08-18,ACTIVE
400760,100534,200377,Personal Loan,9068924.0,12.97,2019-09-22,ACTIVE
400761,100982,200638,Car Loan,9019538.61,8.56,2018-04-29,ACTIVE
400762,100887,200134,Car Loan,9767179.48,12.03,2018-11-29,ACTIVE
400763,100101,200667,Education Loan,9028199.33,13.92,2023-03-01,ACTIVE
400764,100551,200248,Education Loan,1360983.16,12.26,2023-05-20,ACTIVE
400765,100802,200652,Education Loan,8254870.43,13.18,2023-02-03,ACTIVE
400766,100353,200318,Car Loan,4157400.93,8.26,2021-01-08,CLOSED
400767,100300,200436,Car Loan,9908933.42,9.26,2024-08-30,DEFAULT
400768,100682,200176,Home Loan,4775581.55,13.76,2018-01-24,CLOSED
400769,100296,200835,Education Loan,5582977.22,12.51,2021-09-11,CLOSED
400770,100353,200686,Car Loan,5344771.66,11.98,2018-06-29,ACTIVE
400771,100908,200993,Home Loan,3285196.6,12.15,2023-01-30,ACTIVE
400772,100130,200586,Car Loan,842718.68,10.4,2021-08-23,ACTIVE
400773,100156,200351,Home Loan,8966947.18,7.81,2024-05-20,CLOSED
400774,100074,200143,Education Loan,8046490.54,12.99,2019-06-14,DEFAULT
400775,100342,200967,Education Loan,1481315.13,12.25,2020-05-15,CLOSED
400776,100465,200804,Education Loan,7790005.89,10.81,2018-07-19,CLOSED
400777,100090,200398,Car Loan,6295881.99,13.8,2021-03-04,ACTIVE
400778,100579,200624,Car Loan,4150523.5,9.85,2021-08-16,ACTIVE
400779,100455,200718,Home Loan,2614809.38,9.56,2018-08-16,ACTIVE
400780,100748,200643,Personal Loan,8611314.96,13.61,2018-10-17,ACTIVE
400781,100712,200369,Personal Loan,7031863.77,13.08,2024-02-20,ACTIVE
400782,100980,200501,Education Loan,5522625.1,11.1,2024-10-02,ACTIVE
400783,100332,200622,Personal Loan,6134728.49,8.42,2022-04-12,ACTIVE
400784,100739,200370,Education Loan,1001555.2,9.01,2019-01-15,ACTIVE
400785,100977,200579,Home Loan,4791805.63,12.09,2022-06-22,ACTIVE
400786,100348,200382,Personal Loan,2017632.9,10.2,2020-11-11,ACTIVE
400787,100233,200086,Personal Loan,2162998.42,13.36,2019-12-31,ACTIVE
400788,100778,200787,Education Loan,6646909.23,14.15,2020-09-10,ACTIVE
400789,100598,200739,Home Loan,9121435.9,13.14,2022-06-22,ACTIVE
400790,100102,200460,Personal Loan,4097190.44,10.14,2019-01-01,CLOSED
400791,100953,200950,Personal Loan,2156717.8,13.02,2018-03-26,ACTIVE
400792,100481,200325,Personal Loan,6522594.68,9.96,2020-05-02,ACTIVE
400793,100214,200522,Home Loan,8724751.76,8.67,2019-10-30,CLOSED
400794,100108,200489,Home Loan,7508356.13,7.73,2022-05-11,CLOSED
400795,100165,200929,Personal Loan,8700696.58,10.2,2022-07-07,CLOSED
400796,100973,200397,Education Loan,5411891.24,13.82,2021-03-13,ACTIVE
400797,100603,200896,Education Loan,7543574.82,9.17,2019-09-24,ACTIVE
400798,100704,200355,Personal Loan,1486639.14,8.95,2019-05-09,ACTIVE
400799,100335,200947,Home Loan,3547918.69,14.29,2021-05-07,ACTIVE
400800,100086,200288,Personal Loan,3956536.73,7.68,2023-07-04,DEFAULT
400801,100734,200459,Home Loan,5161827.89,13.0,2022-11-06,ACTIVE
400802,100875,200624,Personal Loan,9297855.97,9.75,2021-06-24,ACTIVE
400803,100424,200998,Home Loan,8755535.95,7.76,2024-10-07,ACTIVE
400804,100613,200536,Car Loan,1431802.37,13.92,2019-06-22,ACTIVE
400805,100738,200291,Education Loan,1810617.55,8.48,2022-01-10,ACTIVE
400806,100364,200851,Car Loan,3640641.44,11.36,2019-01-29,CLOSED
400807,100060,200838,Education Loan,2978364.27,9.42,2022-02-14,CLOSED
400808,100482,200168,Home Loan,6186232.44,7.96,2023-10-01,DEFAULT
400809,100250,200950,Car Loan,9037482.87,7.85,2020-03-29,ACTIVE
400810,100560,200621,Education Loan,9626686.26,8.31,2023-06-29,ACTIVE
400811,100117,200428,Personal Loan,6570669.23,8.0,2022-12-30,ACTIVE
400812,100739,200702,Home Loan,8397776.09,12.82,2022-05-09,ACTIVE
400813,100874,200490,Home Loan,5299501.78,10.9,2023-05-06,DEFAULT
400814,100915,200355,Personal Loan,2162436.77,9.9,2021-01-04,ACTIVE
400815,100968,200196,Personal Loan,5294415.28,10.43,2024-04-25,CLOSED
400816,100999,200545,Education Loan,5595317.75,14.0,2024-09-24,ACTIVE
400817,100545,200717,Home Loan,7450329.89,13.88,2022-09-29,ACTIVE
400818,100044,200824,Education Loan,2276841.6,12.51,2019-01-05,ACTIVE
400819,100509,200932,Personal Loan,3746272.78,13.69,2022-09-27,ACTIVE
400820,100988,200694,Home Loan,3703871.95,9.74,2022-02-17,CLOSED
400821,100165,200659,Personal Loan,9598452.0,10.17,2020-02-03,ACTIVE
400822,100368,200939,Education Loan,4495055.11,11.8,2022-11-14,CLOSED
400823,100857,200780,Education Loan,7575430.28,11.87,2022-10-11,CLOSED
400824,100292,200011,Education Loan,7533032.68,10.87,2019-01-16,ACTIVE
400825,100849,200582,Home Loan,2728887.43,10.3,2018-06-15,CLOSED
400826,100856,200256,Personal Loan,5761509.92,14.4,2023-10-04,ACTIVE
400827,100917,200396,Personal Loan,8953598.64,13.25,2021-10-31,ACTIVE
400828,100898,200731,Education Loan,4804457.42,10.54,2023-03-14,CLOSED
400829,100799,200809,Education Loan,9456663.32,12.59,2020-07-07,DEFAULT
400830,100876,200409,Education Loan,2223136.47,9.39,2019-09-28,ACTIVE
400831,100737,200362,Education Loan,834175.15,8.2,2023-07-22,ACTIVE
400832,100286,200259,Car Loan,8925393.34,9.97,2023-11-30,ACTIVE
400833,100204,200003,Car Loan,8492043.86,10.32,2023-11-20,ACTIVE
400834,100684,200084,Car Loan,9926639.77,7.62,2018-12-10,ACTIVE
400835,100524,200156,Education Loan,6825995.53,13.2,2021-04-05,DEFAULT
400836,100819,200663,Education Loan,9373210.47,10.01,2023-04-02,ACTIVE
400837,100121,200176,Personal Loan,8286795.35,11.56,2022-11-27,ACTIVE
400838,100945,200707,Home Loan,8459820.7,8.02,2018-11-21,ACTIVE
400839,100756,200938,Personal Loan,5734501.55,8.72,2023-05-11,ACTIVE
400840,100664,200472,Car Loan,3885409.52,13.73,2021-05-15,ACTIVE
400841,100664,200619,Personal Loan,9352124.92,11.76,2019-09-01,ACTIVE
400842,100188,200424,Education Loan,4377960.04,14.15,2019-06-08,CLOSED
400843,100907,200134,Car Loan,5434311.74,14.49,2021-05-15,ACTIVE
400844,100013,200788,Car Loan,4516531.64,10.1,2020-10-15,ACTIVE
400845,100603,200907,Home Loan,5691701.31,9.59,2023-11-13,CLOSED
400846,100200,200864,Home Loan,4758000.28,13.51,2022-10-18,ACTIVE
400847,100586,200380,Car Loan,574878.83,14.49,2021-04-25,ACTIVE
400848,100768,200667,Car Loan,8832277.04,11.91,2024-05-17,ACTIVE
400849,100456,200277,Personal Loan,4499498.81,13.07,2018-07-15,ACTIVE
400850,100448,200236,Car Loan,5930542.12,12.97,2024-03-06,ACTIVE
400851,100788,200752,Education Loan,1477959.25,9.99,2018-11-10,ACTIVE
400852,100840,200882,Personal Loan,133539.7,11.52,2018-07-04,CLOSED
400853,100841,200013,Education Loan,2528371.93,13.33,2023-10-04,CLOSED
400854,100071,200342,Education Loan,7075401.72,12.32,2019-03-17,ACTIVE
400855,100590,200035,Education Loan,1082025.85,7.65,2023-09-23,ACTIVE
400856,100796,200559,Car Loan,9097985.66,9.86,2022-10-07,ACTIVE
400857,100130,200214,Home Loan,2228723.44,8.51,2022-08-19,ACTIVE
400858,100889,200412,Home Loan,2125476.78,9.13,2019-01-23,ACTIVE
400859,100043,200405,Education Loan,1896928.82,13.84,2023-03-19,ACTIVE
400860,100520,200494,Car Loan,238418.96,7.76,2024-05-17,ACTIVE
400861,100013,200658,Personal Loan,7740874.14,9.04,2020-11-03,CLOSED
400862,100725,200159,Education Loan,8762841.86,9.67,2021-12-26,ACTIVE
400863,100623,200956,Personal Loan,6180210.76,11.82,2020-11-09,CLOSED
400864,100988,200637,Personal Loan,1963179.82,11.24,2024-07-26,CLOSED
400865,100803,200110,Car Loan,2924252.17,9.03,2018-12-01,ACTIVE
400866,100535,200549,Car Loan,4811674.3,8.65,2023-08-25,CLOSED
400867,100302,200789,Home Loan,9548024.92,9.16,2018-03-08,CLOSED
400868,100766,200526,Home Loan,2548778.58,11.02,2019-04-12,ACTIVE
400869,100527,200985,Car Loan,7343294.45,9.4,2023-03-11,ACTIVE
400870,100642,200347,Education Loan,4450537.41,14.13,2020-01-06,ACTIVE
400871,100573,200744,Home Loan,3048688.75,10.75,2020-01-17,DEFAULT
400872,100115,200828,Personal Loan,4613567.78,7.91,2022-05-29,ACTIVE
400873,100460,200636,Education Loan,804946.5,12.6,2018-07-05,ACTIVE
400874,100832,200279,Personal Loan,8007004.97,9.8,2018-12-08,ACTIVE
400875,100505,200479,Car Loan,2508689.09,12.07,2022-09-01,ACTIVE
400876,100308,200111,Personal Loan,7281580.02,9.46,2021-05-04,ACTIVE
400877,100932,200636,Education Loan,776648.88,11.5,2021-07-09,CLOSED
400878,100963,200925,Car Loan,9555475.71,12.91,2024-08-02,ACTIVE
400879,100325,200431,Education Loan,2010848.36,14.0,2023-02-07,CLOSED
400880,100579,200542,Personal Loan,8839146.55,9.33,2023-01-17,CLOSED
400881,100761,200115,Education Loan,8113784.78,9.84,2020-12-21,ACTIVE
400882,100175,200090,Car Loan,9681813.25,10.75,2021-10-30,ACTIVE
400883,100851,200212,Personal Loan,4831117.54,13.99,2020-02-06,CLOSED
400884,100514,200550,Personal Loan,7301233.21,13.81,2020-05-14,DEFAULT
400885,100172,200595,Home Loan,3770035.5,8.13,2020-01-29,ACTIVE
400886,100997,200539,Home Loan,1925245.56,8.42,2018-11-17,ACTIVE
400887,100960,200729,Education Loan,4486451.74,10.97,2024-10-10,ACTIVE
400888,100502,200360,Home Loan,1740915.25,8.25,2020-11-28,CLOSED
400889,100977,200486,Home Loan,9822241.77,9.92,2019-03-12,CLOSED
400890,100334,200372,Home Loan,1052840.26,8.54,2022-11-12,ACTIVE
400891,100284,200215,Home Loan,5933196.06,11.95,2023-12-29,CLOSED
400892,100475,200733,Car Loan,6301992.17,14.15,2018-03-15,ACTIVE
400893,100054,200015,Car Loan,5426987.47,14.48,2018-01-24,CLOSED
400894,100458,200955,Home Loan,6655640.27,10.13,2022-06-06,ACTIVE
400895,100579,200259,Education Loan,1250189.67,11.69,2019-04-23,ACTIVE
400896,100420,200778,Car Loan,5594683.39,13.49,2018-02-24,ACTIVE
400897,100614,200463,Home Loan,2943404.45,8.32,2019-12-05,ACTIVE
400898,100632,200120,Car Loan,9407743.03,12.33,2023-05-09,ACTIVE
400899,100703,200976,Personal Loan,7644509.37,10.36,2023-02-28,ACTIVE
400900,100409,200913,Car Loan,9727893.37,8.94,2022-07-18,ACTIVE
400901,100982,200128,Car Loan,471805.09,10.32,2024-10-01,ACTIVE
400902,100304,200723,Education Loan,2922818.43,8.03,2023-06-17,ACTIVE
400903,100935,200523,Car Loan,2034683.61,12.37,2021-05-25,CLOSED
400904,100559,200688,Education Loan,210430.41,9.27,2022-01-17,CLOSED
400905,100222,200645,Personal Loan,2499024.73,9.68,2022-06-06,ACTIVE
400906,100533,200325,Home Loan,6819882.24,8.35,2021-05-24,ACTIVE
400907,100158,200320,Education Loan,2387780.33,13.55,2018-12-25,ACTIVE
400908,100348,200506,Car Loan,5139134.11,10.95,2019-05-28,DEFAULT
400909,100159,200526,Car Loan,8889399.34,11.51,2019-07-08,DEFAULT
400910,100889,200050,Education Loan,6968203.41,11.49,2018-02-26,ACTIVE
400911,100884,200922,Personal Loan,4006827.79,10.37,2020-02-21,DEFAULT
400912,100922,200584,Home Loan,3787442.5,8.85,2019-04-04,CLOSED
400913,100235,200069,Car Loan,4611784.56,12.72,2018-03-07,CLOSED
400914,100662,200391,Personal Loan,1852710.27,8.39,2020-02-10,ACTIVE
400915,100405,200383,Home Loan,6376607.6,8.23,2018-04-20,ACTIVE
400916,100257,200016,Home Loan,3705112.91,12.47,2020-05-07,ACTIVE
400917,100677,200439,Car Loan,8538416.96,8.96,2023-05-25,ACTIVE
400918,100589,200846,Education Loan,7589871.33,9.65,2019-08-18,ACTIVE
400919,100597,200869,Car Loan,6144080.32,10.83,2020-09-17,ACTIVE
400920,100558,200568,Car Loan,3705602.0,10.65,2022-11-20,ACTIVE
400921,100905,200617,Car Loan,2178325.13,12.46,2024-01-16,ACTIVE
400922,100913,200132,Personal Loan,7783903.45,11.86,2020-02-21,ACTIVE
400923,100047,200996,Education Loan,4915450.08,12.01,2018-12-19,ACTIVE
400924,100213,200560,Personal Loan,2325025.38,12.5,2021-05-17,DEFAULT
400925,100479,200248,Car Loan,2032228.69,9.55,2023-03-14,CLOSED
400926,100487,200273,Education Loan,1737468.95,9.76,2019-08-30,ACTIVE
400927,100571,200623,Home Loan,7793895.84,10.57,2023-04-26,ACTIVE
400928,100566,200932,Education Loan,2366973.13,9.65,2022-09-25,ACTIVE
400929,100342,200838,Car Loan,5313758.41,14.39,2018-03-31,ACTIVE
400930,100524,200848,Education Loan,4570308.97,13.2,2019-04-23,CLOSED
400931,100704,200349,Home Loan,5838147.9,8.65,2019-11-12,ACTIVE
400932,100503,200484,Home Loan,8783833.51,7.54,2019-09-17,ACTIVE
400933,100006,200550,Education Loan,8690699.16,7.8,2022-12-29,CLOSED
400934,100821,200357,Home Loan,4565653.11,9.21,2023-06-10,ACTIVE
400935,100144,200752,Personal Loan,252125.88,8.3,2023-04-16,ACTIVE
400936,100858,200318,Education Loan,4321793.68,11.23,2018-03-22,ACTIVE
400937,100261,200633,Home Loan,6101316.02,13.51,2023-01-16,ACTIVE
400938,100585,200048,Home Loan,5621871.12,12.66,2024-07-25,ACTIVE
400939,100686,200010,Education Loan,6548227.45,9.01,2020-09-20,ACTIVE
400940,100232,200233,Personal Loan,1625349.75,10.3,2020-04-04,ACTIVE
400941,100270,200036,Education Loan,6500697.48,11.06,2021-04-22,CLOSED
400942,100940,200413,Home Loan,1908251.03,13.17,2024-05-21,ACTIVE
400943,100447,200462,Education Loan,7530187.41,13.37,2022-05-24,CLOSED
400944,100874,200004,Home Loan,3456967.37,13.87,2018-07-28,ACTIVE
400945,100222,200044,Car Loan,7127964.79,11.06,2021-09-29,ACTIVE
400946,100052,200568,Education Loan,573869.43,12.36,2018-02-02,ACTIVE
400947,100116,200554,Education Loan,4137814.25,8.28,2019-02-25,ACTIVE
400948,100538,200255,Home Loan,7079841.77,11.46,2022-11-04,ACTIVE
400949,100565,200740,Home Loan,2346018.11,9.24,2022-08-30,ACTIVE
400950,100877,200114,Home Loan,7973341.74,10.52,2023-07-24,CLOSED
400951,100541,200749,Home Loan,6344719.36,11.94,2024-06-28,ACTIVE
400952,100019,200397,Education Loan,5916861.54,9.3,2024-09-06,ACTIVE
400953,100815,200174,Home Loan,3600133.66,7.87,2024-03-20,DEFAULT
400954,100392,200255,Education Loan,4876269.56,7.57,2021-04-06,ACTIVE
400955,100791,200466,Personal Loan,6013758.08,7.66,2018-06-01,ACTIVE
400956,100629,200929,Education Loan,4777374.93,7.56,2023-06-20,CLOSED
400957,100618,200277,Home Loan,7013301.91,8.27,2022-06-26,ACTIVE
400958,100419,200464,Home Loan,4393599.64,9.18,2023-06-15,ACTIVE
400959,100991,200847,Personal Loan,2102504.5,9.05,2023-10-04,ACTIVE
400960,100309,200502,Education Loan,2217944.45,14.41,2024-08-17,ACTIVE
400961,100739,200441,Personal Loan,157457.31,9.64,2023-06-22,ACTIVE
400962,100864,200069,Education Loan,3079481.38,8.39,2020-08-07,ACTIVE
400963,100186,200509,Home Loan,7514284.64,11.32,2018-09-06,DEFAULT
400964,100261,200326,Education Loan,7962210.82,13.51,2023-12-04,CLOSED
400965,100528,200742,Home Loan,2104428.67,12.25,2018-03-19,ACTIVE
400966,100273,200067,Home Loan,9594535.57,9.57,2022-09-25,ACTIVE
400967,100160,200304,Car Loan,5073787.66,11.43,2024-06-18,CLOSED
400968,100870,200972,Car Loan,9178089.62,12.5,2021-07-17,ACTIVE
400969,100762,200484,Education Loan,7096976.29,12.6,2024-03-16,ACTIVE
400970,100224,200929,Home Loan,7252090.89,12.17,2018-09-18,ACTIVE
400971,100256,200548,Personal Loan,941931.85,13.6,2021-01-02,CLOSED
400972,100180,200417,Home Loan,2277912.16,13.59,2022-09-05,ACTIVE
400973,100020,200159,Personal Loan,187266.85,11.55,2023-04-23,DEFAULT
400974,100624,200149,Education Loan,7189663.64,10.51,2019-04-24,ACTIVE
400975,100632,200027,Education Loan,3509939.06,11.99,2023-07-20,ACTIVE
400976,100706,200987,Personal Loan,7887859.91,13.23,2021-11-21,ACTIVE
400977,100468,200584,Personal Loan,3455468.58,7.54,2023-01-11,ACTIVE
400978,100623,200248,Home Loan,8211404.15,14.44,2022-11-22,CLOSED
400979,100210,200101,Education Loan,1393912.71,8.78,2018-03-27,DEFAULT
400980,100513,200702,Home Loan,1816394.25,10.79,2019-10-23,ACTIVE
400981,100058,200096,Personal Loan,3474677.74,13.6,2021-03-25,DEFAULT
400982,100093,200384,Car Loan,4144025.15,9.08,2020-02-27,CLOSED
400983,100221,200282,Car Loan,3552157.83,10.84,2023-04-07,ACTIVE
400984,100723,200322,Car Loan,7660105.62,8.43,2021-11-09,ACTIVE
400985,100940,200396,Personal Loan,1059818.79,10.27,2022-11-30,ACTIVE
400986,100232,200278,Home Loan,3577048.49,8.74,2020-08-08,ACTIVE
400987,100774,200529,Education Loan,8388676.0,10.05,2023-09-11,ACTIVE
400988,100364,200263,Personal Loan,761291.06,10.11,2020-06-18,ACTIVE
400989,100615,200619,Car Loan,9429200.73,14.45,2024-08-04,ACTIVE
400990,100562,200580,Home Loan,9864536.74,14.46,2021-10-21,CLOSED
400991,100374,200640,Education Loan,976824.92,8.3,2024-10-02,CLOSED
400992,100622,200293,Education Loan,2983597.97,12.58,2023-04-03,ACTIVE
400993,100456,200294,Personal Loan,3786766.59,7.86,2019-06-22,ACTIVE
400994,100088,200608,Personal Loan,7786274.55,7.71,2021-04-16,ACTIVE
400995,100020,200395,Education Loan,5999675.44,8.24,2022-05-18,ACTIVE
400996,100014,200513,Education Loan,6479220.43,14.26,2022-09-04,ACTIVE
400997,100133,200921,Car Loan,7599347.25,14.09,2022-01-15,ACTIVE
400998,100937,200810,Education Loan,1267992.09,8.86,2023-04-19,ACTIVE
400999,100808,200180,Personal Loan,8348773.62,8.63,2019-10-26,ACTIVE
401000,100034,200920,Home Loan,7085636.06,9.18,2020-04-28,ACTIVE
