transaction_id,account_id,transaction_date,transaction_type,amount,channel,running_balance
300001,200959,2024-07-02,CREDIT,54812.32,UPI,1745587.6
300002,200853,2023-12-30,CREDIT,182372.54,ATM,4831145.52
300003,200448,2023-10-02,DEBIT,19591.79,BRANCH,4008196.62
300004,200248,2023-11-12,CREDIT,170680.51,ATM,3152272.88
300005,200788,2023-02-10,CREDIT,65699.2,UPI,1464979.55
300006,200264,2024-12-28,CREDIT,10849.09,IMPS,1868014.71
300007,200058,2022-06-10,CREDIT,133904.46,UPI,3350014.64
300008,200302,2024-08-11,CREDIT,46332.86,ONLINE,360368.1
300009,200031,2025-03-08,DEBIT,48789.87,NEFT,1283774.62
300010,200498,2022-09-27,DEBIT,61278.83,NEFT,3569647.72
300011,200249,2022-07-10,CREDIT,12830.59,ONLINE,2400352.54
300012,200605,2024-08-17,DEBIT,35507.72,NEFT,2012266.63
300013,200777,2022-07-19,DEBIT,1127.41,NEFT,757712.38
300014,200271,2024-07-22,CREDIT,89137.36,BRANCH,2209524.25
300015,200606,2023-09-28,CREDIT,16942.65,IMPS,3853574.51
300016,200666,2024-08-11,CREDIT,136562.26,IMPS,1320432.22
300017,200394,2024-08-21,DEBIT,47201.01,UPI,27490.01
300018,200797,2023-04-20,CREDIT,188720.47,ONLINE,3342690.25
300019,200502,2023-04-04,DEBIT,174263.2,ATM,4863146.71
300020,200592,2022-10-22,DEBIT,57959.23,UPI,3034329.4
300021,200804,2023-06-13,DEBIT,156664.77,UPI,600049.33
300022,200084,2024-01-15,CREDIT,160668.66,UPI,1604005.1
300023,200365,2024-03-13,DEBIT,197313.97,UPI,4338274.25
300024,200886,2023-01-11,CREDIT,119608.21,IMPS,1163224.09
300025,200549,2023-11-08,CREDIT,16484.95,ATM,3038675.67
300026,200342,2023-10-28,CREDIT,129402.76,UPI,2013654.71
300027,200839,2024-07-17,CREDIT,125033.45,IMPS,1039614.69
300028,200407,2024-09-25,CREDIT,127706.28,UPI,4067127.76
300029,200425,2022-03-03,DEBIT,61498.42,NEFT,3714284.97
300030,200744,2022-05-14,DEBIT,171949.95,UPI,3308124.53
300031,200093,2024-08-31,DEBIT,191898.49,ONLINE,1182064.78
300032,200848,2022-08-20,DEBIT,43620.73,ONLINE,489736.09
300033,200614,2023-12-21,DEBIT,17721.62,UPI,2881008.57
300034,200412,2024-09-07,CREDIT,38987.55,BRANCH,2768612.33
300035,200432,2024-08-02,CREDIT,164128.37,NEFT,942330.85
300036,200678,2022-12-16,DEBIT,135361.26,ATM,281705.35
300037,200159,2023-08-02,DEBIT,127245.86,UPI,404001.92
300038,200014,2023-12-15,DEBIT,80418.45,ATM,4963858.55
300039,200373,2025-03-22,CREDIT,115607.81,NEFT,3918027.68
300040,200225,2022-09-18,CREDIT,61644.04,UPI,4609976.39
300041,200505,2024-11-06,CREDIT,95492.3,BRANCH,975676.08
300042,200073,2022-07-30,DEBIT,158633.3,IMPS,4802862.4
300043,200249,2024-04-10,DEBIT,196250.2,BRANCH,713700.43
300044,200511,2022-08-08,DEBIT,186504.54,BRANCH,2545654.6
300045,200603,2023-10-30,DEBIT,186779.8,IMPS,4148563.57
300046,200216,2025-02-12,CREDIT,80504.52,IMPS,1749341.87
300047,200973,2022-05-26,DEBIT,93811.1,ONLINE,2124430.25
300048,200602,2023-09-11,DEBIT,141156.52,IMPS,641361.46
300049,200541,2024-12-27,DEBIT,184446.17,UPI,615047.94
300050,200947,2024-08-02,CREDIT,28484.65,ATM,3098031.34
300051,200817,2024-03-31,CREDIT,60917.95,ONLINE,3377824.08
300052,200939,2024-04-26,DEBIT,27935.44,ONLINE,3886773.9
300053,200988,2023-05-04,CREDIT,122440.51,ATM,2783631.92
300054,200220,2023-05-15,CREDIT,61329.57,ONLINE,3228973.58
300055,200840,2025-01-27,CREDIT,65288.96,IMPS,68079.6
300056,200727,2022-11-22,CREDIT,14276.1,BRANCH,811272.55
300057,200221,2024-09-14,CREDIT,70024.23,NEFT,4924581.37
300058,200389,2024-02-26,DEBIT,172513.05,IMPS,380429.53
300059,200554,2022-05-16,DEBIT,46691.26,BRANCH,3394101.72
300060,200647,2023-11-29,DEBIT,139067.97,BRANCH,880825.12
300061,200042,2023-03-03,CREDIT,125962.71,ONLINE,3583734.57
300062,200676,2024-06-01,CREDIT,172710.57,UPI,3530099.02
300063,200873,2024-06-10,CREDIT,26544.36,UPI,1171378.2
300064,200283,2025-03-07,CREDIT,195520.23,ONLINE,1348537.18
300065,200058,2023-12-02,DEBIT,116567.47,ONLINE,3274026.18
300066,200814,2025-01-20,DEBIT,199095.28,ATM,1950735.15
300067,200834,2023-04-29,DEBIT,182311.79,ATM,973142.57
300068,200537,2022-12-21,DEBIT,44381.3,NEFT,3658532.15
300069,200073,2022-06-09,DEBIT,11326.79,NEFT,771160.55
300070,200885,2025-03-21,DEBIT,51202.25,NEFT,4278290.5
300071,200923,2024-09-23,CREDIT,105559.97,NEFT,2573590.29
300072,200129,2022-08-23,CREDIT,34402.11,BRANCH,528950.17
300073,200599,2024-08-06,DEBIT,33575.2,BRANCH,3470514.63
300074,200842,2023-10-29,CREDIT,92572.45,ATM,2596055.62
300075,200426,2025-02-10,DEBIT,6750.27,UPI,1490638.83
300076,200948,2022-07-19,DEBIT,24465.43,ONLINE,2112985.63
300077,200665,2024-06-30,CREDIT,83230.68,UPI,1492039.55
300078,200694,2022-12-27,DEBIT,12719.67,IMPS,1315497.67
300079,200125,2023-09-23,DEBIT,79411.34,BRANCH,818460.3
300080,200067,2024-04-11,DEBIT,94853.85,NEFT,1814154.28
300081,200006,2022-05-23,CREDIT,90308.2,NEFT,1255310.54
300082,200637,2022-08-11,CREDIT,173848.05,IMPS,3417330.72
300083,200314,2024-02-16,CREDIT,106059.48,UPI,3419541.77
300084,200326,2023-11-02,CREDIT,93649.29,NEFT,2509450.29
300085,200565,2024-10-09,DEBIT,82200.78,UPI,3889833.67
300086,200578,2022-05-06,CREDIT,163542.91,ONLINE,4206777.93
300087,200826,2022-07-05,CREDIT,179021.82,IMPS,2899042.4
300088,200506,2023-03-22,CREDIT,170663.17,UPI,3094866.35
300089,200082,2022-10-12,DEBIT,134741.96,ONLINE,1414788.11
300090,200599,2025-04-04,CREDIT,27558.61,UPI,4474398.57
300091,200002,2022-01-01,CREDIT,55446.31,UPI,121518.12
300092,200204,2022-10-28,DEBIT,9308.01,NEFT,1743338.05
300093,200662,2022-11-02,DEBIT,186171.73,ATM,3609141.21
300094,200805,2024-07-16,DEBIT,132193.63,BRANCH,400907.5
300095,200404,2024-12-24,DEBIT,149297.94,UPI,916256.05
300096,200103,2023-08-20,CREDIT,62383.19,UPI,2946634.0
300097,200536,2024-03-09,DEBIT,169146.14,UPI,2800188.36
300098,200368,2025-03-29,CREDIT,51994.7,ATM,3694772.02
300099,200212,2024-07-04,CREDIT,428.59,ONLINE,4063156.89
300100,200577,2023-02-05,CREDIT,75345.35,IMPS,643333.6
300101,200961,2023-02-26,CREDIT,114195.22,NEFT,92395.76
300102,200209,2023-10-11,CREDIT,95793.1,ATM,3448347.78
300103,200763,2023-09-06,DEBIT,172429.02,ONLINE,1507308.28
300104,200897,2025-03-13,CREDIT,21170.52,UPI,3130106.58
300105,200117,2023-09-16,CREDIT,110809.31,ONLINE,753147.67
300106,200628,2024-06-09,CREDIT,102644.57,ATM,2345465.71
300107,200749,2023-12-07,DEBIT,56350.46,ATM,2522371.52
300108,200478,2022-07-02,CREDIT,164463.4,ATM,2925596.54
300109,200105,2025-04-08,CREDIT,150594.45,IMPS,2566093.5
300110,200495,2022-01-17,DEBIT,146598.55,BRANCH,2478706.01
300111,200771,2024-11-11,CREDIT,175250.88,NEFT,1664004.4
300112,200046,2024-04-07,CREDIT,144584.64,IMPS,356365.59
300113,200823,2022-09-19,DEBIT,46445.07,IMPS,448056.22
300114,200331,2023-08-26,CREDIT,141141.99,BRANCH,2169174.48
300115,200216,2022-05-08,CREDIT,61609.79,IMPS,1779287.74
300116,200982,2024-01-27,CREDIT,48510.71,ATM,2580915.96
300117,200960,2025-01-29,CREDIT,14693.42,ATM,1524538.43
300118,200492,2022-04-19,CREDIT,148831.31,ONLINE,3439706.5
300119,200813,2022-01-02,DEBIT,142229.09,UPI,4319842.13
300120,200922,2025-02-20,DEBIT,46976.45,IMPS,1494666.51
300121,200845,2024-01-06,DEBIT,149900.87,UPI,965323.55
300122,200449,2022-08-13,CREDIT,183576.39,NEFT,581344.78
300123,200536,2023-08-01,CREDIT,21694.99,ATM,3081462.08
300124,200511,2022-03-05,CREDIT,46604.06,ONLINE,2219558.03
300125,200458,2023-04-27,DEBIT,150077.13,NEFT,940484.58
300126,200547,2024-06-03,CREDIT,54973.88,ONLINE,3265857.1
300127,200536,2024-03-18,CREDIT,124970.33,BRANCH,742841.67
300128,200540,2023-10-14,CREDIT,16324.73,ATM,2771726.38
300129,200484,2024-02-23,DEBIT,90495.28,NEFT,2635978.33
300130,200976,2024-04-11,DEBIT,147844.38,BRANCH,3671271.89
300131,201000,2024-02-21,CREDIT,137334.14,NEFT,276020.64
300132,200016,2024-06-10,CREDIT,163032.91,ONLINE,4439420.72
300133,200571,2025-01-21,CREDIT,175502.68,BRANCH,3515107.13
300134,200977,2023-03-09,DEBIT,154659.38,BRANCH,1081021.93
300135,200243,2022-12-22,DEBIT,134350.39,ATM,917435.04
300136,200950,2024-08-30,DEBIT,6441.33,UPI,2158585.24
300137,200207,2022-10-12,CREDIT,107039.84,ONLINE,4087917.87
300138,200912,2023-01-21,DEBIT,7635.78,ONLINE,4214828.49
300139,200271,2025-02-11,CREDIT,161632.76,BRANCH,2602520.23
300140,200761,2024-02-27,CREDIT,64212.83,BRANCH,4304123.91
300141,200994,2024-01-08,DEBIT,112529.63,ATM,27715.82
300142,200779,2024-05-04,CREDIT,55961.12,UPI,176355.57
300143,200705,2022-11-12,DEBIT,156521.78,ONLINE,4559152.06
300144,200847,2023-08-14,CREDIT,177311.86,IMPS,3876771.98
300145,200730,2022-09-15,CREDIT,79788.63,IMPS,2253804.94
300146,200115,2022-10-03,DEBIT,172598.19,UPI,3768173.85
300147,200580,2022-01-24,CREDIT,53488.29,NEFT,4778219.49
300148,200299,2022-05-27,CREDIT,106978.72,ATM,3860561.57
300149,200837,2022-02-02,CREDIT,171766.41,UPI,4211935.48
300150,200483,2022-10-22,CREDIT,65243.68,IMPS,3803152.6
300151,200397,2024-09-23,CREDIT,190813.05,BRANCH,841471.36
300152,200394,2024-06-13,CREDIT,24463.71,IMPS,4167953.76
300153,200075,2022-10-06,CREDIT,3753.19,BRANCH,975946.55
300154,200978,2022-06-23,CREDIT,180836.66,ATM,4463110.33
300155,200482,2022-10-09,DEBIT,13822.87,BRANCH,2293520.17
300156,200103,2024-05-01,DEBIT,198378.65,UPI,3385045.27
300157,200297,2024-07-22,CREDIT,190284.23,BRANCH,2486455.62
300158,200178,2024-05-21,CREDIT,27490.48,NEFT,470407.65
300159,200215,2023-01-04,DEBIT,107563.17,UPI,1453966.18
300160,200967,2024-07-19,CREDIT,37065.57,ATM,4918667.4
300161,200315,2024-11-09,DEBIT,85688.22,UPI,4803593.4
300162,200039,2024-05-18,DEBIT,12378.88,NEFT,1602774.24
300163,200259,2025-02-04,DEBIT,44862.53,ATM,4981485.87
300164,200716,2024-07-10,CREDIT,72718.23,IMPS,4227833.2
300165,200007,2024-02-27,CREDIT,87785.64,NEFT,3054992.02
300166,200049,2023-12-29,CREDIT,195501.5,ATM,201103.04
300167,200538,2023-04-08,DEBIT,161592.34,BRANCH,4507283.42
300168,200161,2023-01-16,DEBIT,147508.25,UPI,2787367.68
300169,200869,2024-05-19,DEBIT,107454.56,ATM,4342446.52
300170,200176,2022-01-16,CREDIT,168015.55,UPI,4172228.38
300171,200591,2025-03-29,DEBIT,67930.63,BRANCH,4165114.57
300172,200002,2024-10-17,DEBIT,141808.93,ATM,3491020.22
300173,200895,2023-04-30,CREDIT,198757.42,IMPS,1457429.99
300174,200455,2024-10-24,DEBIT,62994.32,NEFT,1681133.21
300175,200928,2023-07-06,DEBIT,134836.11,ATM,1542691.83
300176,200644,2024-04-21,CREDIT,168878.54,BRANCH,100719.97
300177,200276,2025-01-23,CREDIT,183169.94,ATM,2913053.26
300178,200498,2025-03-26,DEBIT,143614.74,UPI,3494318.94
300179,200629,2024-01-22,CREDIT,56793.22,ONLINE,4269403.03
300180,200676,2022-03-10,DEBIT,65323.8,ATM,701257.08
300181,200800,2022-03-19,CREDIT,4249.53,IMPS,2721143.65
300182,200028,2025-03-09,DEBIT,152201.11,ATM,40536.7
300183,200333,2024-09-16,CREDIT,8643.65,NEFT,475920.69
300184,200001,2024-01-25,DEBIT,172944.01,ATM,271531.62
300185,200188,2022-08-20,CREDIT,23820.26,ONLINE,3627527.43
300186,200056,2025-04-03,CREDIT,34458.11,UPI,405757.29
300187,200547,2024-09-13,CREDIT,95357.64,ATM,3582406.68
300188,200112,2022-06-13,CREDIT,147602.29,IMPS,1248498.71
300189,200798,2022-10-18,CREDIT,27886.54,BRANCH,4388625.95
300190,200310,2024-12-14,CREDIT,88070.21,ATM,4065843.37
300191,200036,2023-07-27,CREDIT,96621.97,ATM,4789172.17
300192,200439,2024-08-10,DEBIT,42535.9,NEFT,4418868.2
300193,200729,2024-11-24,DEBIT,23200.12,IMPS,4666680.43
300194,200592,2022-06-10,CREDIT,167300.54,ONLINE,4293782.61
300195,200826,2024-12-07,CREDIT,100542.88,BRANCH,3467062.81
300196,200595,2022-07-01,DEBIT,2974.81,UPI,851710.63
300197,200577,2023-05-18,DEBIT,160615.96,ATM,1358901.74
300198,200325,2024-08-25,CREDIT,196160.68,ONLINE,1064028.47
300199,200640,2022-06-09,DEBIT,121224.65,BRANCH,3018127.15
300200,200307,2025-01-09,DEBIT,100791.31,UPI,2518347.88
300201,200534,2025-04-02,CREDIT,175695.33,ONLINE,4335466.45
300202,200728,2023-10-02,CREDIT,190508.11,IMPS,4763388.0
300203,200619,2022-04-19,CREDIT,150931.93,IMPS,2024597.02
300204,200109,2023-12-05,DEBIT,89146.04,BRANCH,2531999.59
300205,200372,2024-12-31,CREDIT,118485.06,UPI,4857596.03
300206,200357,2022-01-23,CREDIT,140216.98,IMPS,1381556.59
300207,200181,2024-08-18,DEBIT,38935.29,BRANCH,3962057.68
300208,200356,2024-07-18,CREDIT,89495.49,IMPS,1126586.89
300209,200676,2024-11-15,DEBIT,165981.27,IMPS,3407459.85
300210,200068,2024-08-18,DEBIT,130979.6,ONLINE,1268451.33
300211,200292,2025-03-21,DEBIT,82299.69,ONLINE,4418725.08
300212,200692,2023-11-10,DEBIT,132706.17,IMPS,2807608.98
300213,200181,2024-05-12,DEBIT,23732.66,NEFT,930075.24
300214,200466,2023-12-24,DEBIT,80359.37,ONLINE,1122233.69
300215,200434,2023-08-27,CREDIT,158646.39,UPI,2469499.05
300216,200464,2023-08-16,CREDIT,44179.71,BRANCH,4808029.33
300217,200681,2022-12-10,CREDIT,37273.71,BRANCH,3848326.0
300218,200914,2022-03-14,DEBIT,190168.65,UPI,2441804.06
300219,200534,2023-09-15,CREDIT,42058.54,UPI,1688926.86
300220,200066,2025-02-28,DEBIT,52257.62,UPI,2746567.83
300221,200021,2023-06-18,CREDIT,193926.23,UPI,3741929.99
300222,200612,2022-05-06,DEBIT,146968.24,ATM,3919750.98
300223,200384,2024-08-27,CREDIT,139949.35,BRANCH,1623381.69
300224,200812,2025-03-30,DEBIT,170599.98,ATM,3605935.76
300225,200615,2022-12-13,CREDIT,23253.03,IMPS,3289115.01
300226,200559,2025-03-19,DEBIT,141220.65,IMPS,4795581.9
300227,200039,2022-04-16,CREDIT,100787.35,BRANCH,4655485.91
300228,200285,2023-08-21,DEBIT,165847.21,IMPS,3947001.94
300229,200822,2022-02-25,CREDIT,101677.53,UPI,3617111.75
300230,200602,2023-08-11,CREDIT,124086.25,ATM,1370570.93
300231,200597,2024-09-19,CREDIT,95600.65,UPI,4229903.3
300232,200785,2022-06-18,DEBIT,95683.97,IMPS,2137814.77
300233,200336,2022-09-17,DEBIT,153617.2,ONLINE,1361566.59
300234,200188,2024-11-01,DEBIT,125750.42,ATM,1921111.71
300235,200671,2022-06-07,DEBIT,126689.31,UPI,4179759.48
300236,200243,2023-07-24,DEBIT,90111.47,BRANCH,743591.76
300237,200073,2023-06-01,CREDIT,106268.79,UPI,2281065.63
300238,200479,2022-09-29,DEBIT,149168.96,ONLINE,2462041.79
300239,200974,2023-07-30,CREDIT,165205.59,IMPS,183630.17
300240,200561,2023-07-18,CREDIT,139342.62,ATM,979132.27
300241,200101,2023-06-11,DEBIT,184822.19,BRANCH,4133798.77
300242,200514,2022-01-30,CREDIT,164082.79,ATM,4153921.56
300243,200756,2022-08-17,DEBIT,112416.57,BRANCH,1462429.21
300244,200176,2022-12-24,DEBIT,134314.07,ATM,4374548.72
300245,200238,2022-11-06,DEBIT,185269.02,IMPS,3859028.8
300246,200910,2024-07-03,CREDIT,123871.69,BRANCH,2089828.47
300247,200059,2024-01-28,DEBIT,164978.91,NEFT,3742157.52
300248,200865,2022-12-26,DEBIT,137793.22,ATM,4806692.49
300249,200099,2023-06-20,DEBIT,110432.08,ATM,2295119.11
300250,200954,2023-04-29,CREDIT,48443.46,UPI,1192516.68
300251,200871,2024-09-20,DEBIT,85256.9,BRANCH,4709111.59
300252,200954,2023-01-06,CREDIT,193551.79,ONLINE,3018919.57
300253,200495,2024-12-16,CREDIT,131587.3,NEFT,526773.18
300254,200947,2022-03-09,DEBIT,112922.64,IMPS,2863627.74
300255,200980,2023-12-04,CREDIT,186598.03,UPI,2503154.16
300256,200514,2022-06-22,CREDIT,117343.71,NEFT,4278016.68
300257,200755,2022-10-25,DEBIT,105263.9,BRANCH,2653710.6
300258,200297,2022-11-12,DEBIT,151886.24,NEFT,1276534.56
300259,200211,2024-10-12,DEBIT,142561.86,ATM,3378382.5
300260,200123,2024-04-25,CREDIT,38712.69,ATM,2713105.97
300261,200229,2024-02-24,DEBIT,94314.52,UPI,1165606.62
300262,200594,2023-05-03,CREDIT,94555.84,BRANCH,2868352.48
300263,200656,2024-06-20,CREDIT,75707.08,BRANCH,4107767.12
300264,200388,2022-12-09,CREDIT,103506.97,NEFT,143340.3
300265,200140,2023-03-08,CREDIT,82680.17,UPI,3154439.77
300266,200541,2025-03-29,CREDIT,39949.16,BRANCH,1748251.19
300267,200391,2023-12-08,DEBIT,82532.06,ONLINE,1463710.89
300268,200270,2022-04-22,DEBIT,14548.16,ONLINE,1963242.46
300269,200759,2023-06-26,CREDIT,115199.59,ATM,1710442.31
300270,200012,2022-08-26,CREDIT,170745.54,NEFT,4161279.41
300271,200867,2022-04-18,DEBIT,145084.89,IMPS,1374351.65
300272,200389,2022-12-10,DEBIT,72142.77,ATM,3665898.54
300273,200337,2024-08-08,CREDIT,17505.53,UPI,470752.07
300274,200506,2024-03-27,CREDIT,40509.66,BRANCH,4757006.16
300275,200106,2024-09-02,DEBIT,109143.52,ATM,3111772.03
300276,200032,2023-09-10,DEBIT,41490.71,IMPS,3533739.53
300277,200074,2024-09-02,CREDIT,108840.22,IMPS,1490547.64
300278,200171,2024-12-26,DEBIT,46396.65,ONLINE,2060776.8
300279,200849,2023-04-24,DEBIT,169799.88,UPI,1119280.04
300280,200069,2024-02-17,CREDIT,79514.57,ATM,4662714.16
300281,200813,2024-03-09,CREDIT,49185.57,NEFT,2440778.18
300282,200362,2024-08-29,CREDIT,162484.0,ATM,3152425.35
300283,200649,2023-06-22,DEBIT,68633.51,ONLINE,3671493.02
300284,200433,2022-10-25,CREDIT,22386.39,IMPS,1855844.9
300285,200929,2024-12-22,DEBIT,114124.86,UPI,3600648.22
300286,200996,2024-06-09,CREDIT,116354.68,UPI,3380124.45
300287,200100,2022-01-25,CREDIT,142967.67,NEFT,3528443.84
300288,200658,2023-08-15,DEBIT,48119.86,UPI,2446404.89
300289,200009,2024-07-08,DEBIT,88809.89,ONLINE,1914995.44
300290,200574,2024-02-22,CREDIT,56545.35,ONLINE,1110799.9
300291,200697,2023-10-09,CREDIT,16282.65,ONLINE,4123219.45
300292,200029,2024-12-21,DEBIT,175335.1,UPI,3041946.06
300293,200893,2022-03-26,CREDIT,145801.07,UPI,2222038.8
300294,200114,2022-07-19,DEBIT,60362.47,ONLINE,4720007.54
300295,200462,2024-12-24,DEBIT,119914.66,UPI,239670.14
300296,200921,2023-12-26,CREDIT,40332.63,UPI,4250934.64
300297,200143,2024-06-03,DEBIT,178058.3,IMPS,4987914.17
300298,200390,2023-07-13,DEBIT,23069.78,ATM,4434767.08
300299,200632,2023-11-18,DEBIT,867.05,BRANCH,4052277.71
300300,200682,2023-07-08,CREDIT,100451.44,UPI,1871842.81
300301,200157,2023-07-01,DEBIT,116667.25,BRANCH,1156955.25
300302,200335,2022-07-21,CREDIT,115835.17,BRANCH,3674385.18
300303,200861,2023-06-07,CREDIT,10996.93,IMPS,1523224.54
300304,200260,2025-04-11,CREDIT,62877.36,UPI,880610.39
300305,200082,2024-03-12,DEBIT,99889.87,ONLINE,3932736.17
300306,200754,2024-08-02,DEBIT,43394.18,BRANCH,1563061.99
300307,200441,2023-05-11,CREDIT,174537.91,UPI,4572251.43
300308,200945,2023-02-04,CREDIT,17513.15,NEFT,4203242.91
300309,200172,2024-11-30,DEBIT,97528.15,ONLINE,4238277.83
300310,200231,2023-11-23,CREDIT,138314.07,NEFT,3857962.85
300311,200720,2023-01-04,CREDIT,52424.04,NEFT,4404466.68
300312,200075,2023-10-04,DEBIT,124885.72,BRANCH,4028831.59
300313,200270,2025-01-26,CREDIT,165894.09,NEFT,3012755.56
300314,200899,2022-01-22,DEBIT,38148.36,IMPS,1479465.68
300315,200626,2022-01-18,DEBIT,183452.4,IMPS,4441101.86
300316,200062,2022-05-20,CREDIT,110756.35,BRANCH,4203097.81
300317,200874,2022-01-25,DEBIT,59916.48,UPI,2364660.17
300318,200320,2024-04-22,DEBIT,86228.57,ATM,195873.89
300319,200102,2022-07-20,DEBIT,62507.16,UPI,3192899.37
300320,200429,2024-12-11,CREDIT,145049.72,UPI,253458.97
300321,200874,2022-08-01,CREDIT,159280.5,UPI,4631436.67
300322,200722,2024-07-02,CREDIT,166604.18,UPI,4808175.47
300323,200954,2023-12-21,DEBIT,197155.07,ONLINE,947855.98
300324,200255,2023-03-26,DEBIT,158277.73,ATM,3382108.7
300325,200532,2023-08-04,CREDIT,120316.68,ONLINE,461798.89
300326,200570,2023-05-31,CREDIT,67910.14,NEFT,3647719.88
300327,200112,2023-01-31,DEBIT,108964.63,UPI,1736764.69
300328,200985,2022-03-11,CREDIT,8309.53,IMPS,3405410.03
300329,200313,2022-02-18,CREDIT,148990.53,BRANCH,1864696.11
300330,200998,2022-07-08,CREDIT,89246.51,BRANCH,728264.77
300331,200461,2022-04-27,CREDIT,4102.64,ONLINE,2030846.85
300332,200708,2023-03-21,CREDIT,12595.14,ONLINE,563811.3
300333,200887,2022-09-07,DEBIT,77554.55,IMPS,2884627.93
300334,200462,2022-09-03,CREDIT,116725.96,UPI,205237.18
300335,200865,2022-06-26,CREDIT,92894.37,ATM,2636834.74
300336,200092,2022-09-24,DEBIT,123878.94,NEFT,4431900.05
300337,200052,2024-02-09,DEBIT,96110.82,BRANCH,4189447.41
300338,200805,2025-03-05,DEBIT,132374.6,NEFT,4413967.11
300339,200520,2023-01-14,DEBIT,43903.3,ATM,4610282.99
300340,200812,2022-08-16,CREDIT,22657.35,ONLINE,523087.18
300341,200098,2023-01-13,CREDIT,119327.15,BRANCH,644171.64
300342,200236,2023-06-03,CREDIT,96989.43,NEFT,2785255.53
300343,200901,2023-08-27,CREDIT,5470.84,ONLINE,4469916.36
300344,200374,2024-08-14,DEBIT,76158.33,ATM,4871760.11
300345,200581,2022-06-05,DEBIT,21314.5,NEFT,231786.46
300346,200927,2024-07-17,CREDIT,106318.23,UPI,1779192.53
300347,200557,2023-07-21,CREDIT,79215.96,ONLINE,1064864.83
300348,200649,2024-05-24,CREDIT,122669.07,ATM,3779951.26
300349,200234,2023-10-25,CREDIT,161139.88,NEFT,3201149.25
300350,200032,2023-06-12,DEBIT,60003.77,UPI,599880.21
300351,200289,2022-11-28,CREDIT,192424.21,UPI,2417868.58
300352,200638,2022-06-01,DEBIT,107173.34,ATM,3427359.89
300353,200579,2023-07-22,DEBIT,123696.33,IMPS,3895137.47
300354,200542,2022-05-08,DEBIT,136166.41,BRANCH,100753.52
300355,200114,2024-02-23,DEBIT,133379.63,ATM,4452402.64
300356,200204,2024-03-06,CREDIT,102243.05,UPI,2846622.27
300357,200029,2023-11-13,CREDIT,85809.98,UPI,4059639.62
300358,200643,2022-05-04,CREDIT,10851.01,ATM,4039786.18
300359,200474,2023-06-13,CREDIT,4514.96,IMPS,949668.38
300360,200697,2023-06-27,DEBIT,71656.44,BRANCH,551305.52
300361,200253,2022-12-31,DEBIT,66798.81,NEFT,3606575.7
300362,200798,2024-06-21,DEBIT,77600.26,ATM,782556.38
300363,200905,2022-05-23,CREDIT,27759.8,BRANCH,4249762.49
300364,200922,2024-10-04,DEBIT,147659.84,BRANCH,3631084.32
300365,200386,2023-02-15,DEBIT,171407.19,ONLINE,4209205.91
300366,200062,2024-03-15,DEBIT,187749.06,UPI,1495413.89
300367,200515,2023-01-01,DEBIT,98523.22,NEFT,1583332.0
300368,200430,2024-10-04,CREDIT,140203.05,ATM,3356272.17
300369,200580,2022-08-11,DEBIT,171124.67,UPI,157714.05
300370,200537,2022-10-22,DEBIT,83716.39,ONLINE,3632620.48
300371,200691,2025-01-12,CREDIT,61951.62,ONLINE,4178997.46
300372,200141,2024-06-02,CREDIT,187351.24,UPI,2076110.35
300373,200743,2023-03-24,CREDIT,103183.74,IMPS,3824511.71
300374,200300,2022-08-06,DEBIT,99501.05,BRANCH,873467.28
300375,200675,2024-06-23,DEBIT,35765.38,ATM,1611640.84
300376,200311,2023-06-15,DEBIT,21720.19,ATM,4871537.66
300377,200471,2022-07-31,DEBIT,168437.16,ATM,4931647.7
300378,200393,2022-03-13,CREDIT,122865.22,UPI,2563268.96
300379,200642,2022-05-30,DEBIT,65232.33,IMPS,4671381.82
300380,200445,2022-05-25,DEBIT,38428.07,NEFT,2613892.02
300381,200758,2025-03-16,CREDIT,111143.91,ONLINE,1458294.85
300382,200809,2023-05-29,CREDIT,116825.47,UPI,1334862.99
300383,200172,2024-07-02,CREDIT,41478.02,NEFT,4647563.77
300384,200576,2022-02-08,DEBIT,170296.01,ONLINE,862645.72
300385,200031,2024-10-16,DEBIT,16944.45,ONLINE,2898372.47
300386,200047,2022-11-01,DEBIT,71283.01,IMPS,2777847.58
300387,200130,2022-01-02,DEBIT,136108.84,BRANCH,3698238.61
300388,200352,2022-03-19,DEBIT,54896.66,ATM,2496464.92
300389,200978,2024-03-10,CREDIT,165552.27,NEFT,1361792.16
300390,200845,2023-06-30,CREDIT,147999.58,UPI,847397.8
300391,200622,2022-11-07,DEBIT,157825.67,NEFT,3104283.61
300392,200581,2023-11-07,DEBIT,23909.4,BRANCH,3595094.29
300393,200058,2024-03-12,DEBIT,28195.37,ATM,2847821.63
300394,200106,2025-03-22,DEBIT,57366.1,NEFT,3691887.21
300395,200812,2022-01-08,DEBIT,103663.63,BRANCH,708035.25
300396,200330,2024-11-21,CREDIT,149628.41,UPI,4412409.74
300397,200768,2024-10-01,CREDIT,167322.53,IMPS,2912186.34
300398,200824,2024-09-06,CREDIT,140896.63,ONLINE,634656.21
300399,200683,2024-06-12,DEBIT,185726.52,UPI,2309895.06
300400,200383,2024-04-07,DEBIT,147774.83,ATM,4224036.29
300401,200985,2022-05-24,CREDIT,61322.95,ONLINE,4487862.19
300402,200162,2025-01-11,CREDIT,53089.75,UPI,1323615.2
300403,200997,2023-04-08,DEBIT,139268.87,UPI,3556473.49
300404,200286,2022-01-07,CREDIT,38654.83,UPI,500376.24
300405,200071,2024-02-27,CREDIT,18633.69,UPI,168212.58
300406,200767,2024-09-14,DEBIT,106491.35,ONLINE,2802214.57
300407,200454,2022-09-06,CREDIT,164346.15,ATM,3474290.48
300408,200886,2025-03-07,CREDIT,20365.83,BRANCH,3979035.76
300409,200567,2025-01-01,CREDIT,158399.08,NEFT,1701411.08
300410,200835,2024-01-06,DEBIT,162333.24,IMPS,33123.79
300411,200397,2023-11-14,CREDIT,96506.57,NEFT,2397856.43
300412,200515,2023-09-13,CREDIT,11556.33,NEFT,79759.8
300413,200026,2024-03-31,CREDIT,35000.51,IMPS,460376.56
300414,200313,2022-04-24,DEBIT,141514.51,ONLINE,1633781.77
300415,200126,2022-07-05,DEBIT,142384.41,ATM,2186141.66
300416,200408,2024-01-19,CREDIT,179681.22,IMPS,1397707.47
300417,200565,2024-12-30,DEBIT,116578.96,ATM,2909535.4
300418,200198,2023-11-28,CREDIT,24909.06,ONLINE,277221.27
300419,200811,2022-06-14,DEBIT,24370.84,NEFT,723326.26
300420,200188,2024-07-30,DEBIT,144254.36,ATM,3476444.37
300421,200698,2023-08-17,CREDIT,36838.55,ONLINE,711133.2
300422,200817,2023-02-20,CREDIT,65744.26,ONLINE,3199056.12
300423,200810,2022-12-28,CREDIT,97493.68,BRANCH,273895.76
300424,200716,2025-02-09,DEBIT,5050.5,IMPS,2037207.7
300425,200484,2022-03-22,CREDIT,49838.92,BRANCH,887458.65
300426,200450,2024-02-26,DEBIT,81637.13,NEFT,548626.59
300427,200523,2023-01-27,DEBIT,55999.3,IMPS,2835380.4
300428,200871,2023-09-05,CREDIT,27360.43,NEFT,4641714.69
300429,200354,2024-03-09,DEBIT,145629.65,BRANCH,274407.85
300430,200986,2022-08-07,CREDIT,162648.22,ONLINE,2108060.46
300431,200658,2024-01-06,DEBIT,51570.05,NEFT,3537823.42
300432,200597,2024-09-23,CREDIT,154906.46,IMPS,2313707.81
300433,200100,2022-06-23,DEBIT,77172.16,IMPS,4032576.48
300434,200616,2024-06-15,DEBIT,101386.49,NEFT,898636.76
300435,200948,2023-01-24,CREDIT,171214.61,IMPS,4797991.23
300436,200558,2022-10-14,DEBIT,150015.74,ONLINE,1926120.56
300437,200556,2022-03-15,CREDIT,161042.86,ONLINE,1708177.38
300438,200278,2023-01-31,DEBIT,27455.35,IMPS,4373091.67
300439,200693,2022-02-21,DEBIT,14036.91,NEFT,2819553.23
300440,200699,2023-05-04,DEBIT,178691.61,BRANCH,2582463.49
300441,200990,2024-09-28,CREDIT,77628.07,IMPS,3635026.11
300442,200626,2024-03-07,CREDIT,57647.15,IMPS,2899381.27
300443,200491,2022-05-10,CREDIT,144966.78,IMPS,812996.97
300444,200255,2025-01-12,CREDIT,167299.48,IMPS,3371151.02
300445,200381,2023-09-23,CREDIT,172511.68,NEFT,667777.66
300446,200892,2024-10-20,DEBIT,63267.83,BRANCH,4029385.6
300447,200542,2024-12-29,DEBIT,170457.26,BRANCH,4948688.12
300448,200264,2024-07-09,CREDIT,8282.7,ATM,1887249.43
300449,200610,2022-02-03,DEBIT,10027.33,IMPS,2224057.11
300450,200825,2022-03-17,DEBIT,124741.49,IMPS,232645.06
300451,200879,2023-11-26,DEBIT,12714.96,ATM,69159.07
300452,200329,2022-04-25,DEBIT,64989.37,BRANCH,4607135.96
300453,200115,2023-11-23,CREDIT,134583.92,UPI,643555.99
300454,200276,2022-03-29,DEBIT,67519.65,ONLINE,2229170.85
300455,200488,2024-04-10,CREDIT,36002.0,UPI,4076865.44
300456,200281,2022-08-31,CREDIT,56341.99,BRANCH,4446649.14
300457,200275,2023-03-10,DEBIT,91569.31,IMPS,2597228.73
300458,200773,2024-12-07,CREDIT,95129.63,UPI,2825380.11
300459,200843,2024-07-27,DEBIT,156621.75,NEFT,3348585.02
300460,200719,2025-01-03,DEBIT,150055.63,NEFT,4806931.66
300461,200896,2022-11-02,DEBIT,91417.88,ATM,3013548.47
300462,200328,2025-04-01,CREDIT,169148.9,BRANCH,2797596.56
300463,200211,2023-04-23,CREDIT,22936.0,BRANCH,73163.41
300464,200727,2022-05-28,CREDIT,51145.13,UPI,405208.04
300465,200923,2022-03-17,DEBIT,165612.5,IMPS,2886069.55
300466,200552,2022-10-17,DEBIT,75661.01,BRANCH,4681233.82
300467,200992,2024-09-28,DEBIT,196238.19,UPI,4333523.4
300468,200026,2022-02-09,CREDIT,93304.03,UPI,4912903.33
300469,200027,2024-08-23,DEBIT,158407.93,ONLINE,2639406.27
300470,200702,2022-04-04,DEBIT,80521.18,ONLINE,3939760.73
300471,200083,2023-05-13,CREDIT,85048.21,BRANCH,4202081.46
300472,200896,2022-09-25,CREDIT,76638.34,UPI,3240334.27
300473,200946,2022-01-30,CREDIT,143843.22,ATM,1694080.15
300474,200682,2022-12-19,DEBIT,109548.83,ATM,2350157.18
300475,200413,2022-04-13,DEBIT,188761.24,ONLINE,4289656.4
300476,200167,2023-09-22,DEBIT,50252.97,BRANCH,1493090.36
300477,200700,2022-07-19,CREDIT,20202.49,IMPS,4618753.78
300478,200169,2024-07-23,CREDIT,78712.97,ATM,1149416.8
300479,200801,2022-12-16,CREDIT,123380.87,ATM,3747707.32
300480,200979,2022-05-11,CREDIT,172173.71,ONLINE,3152980.89
300481,200229,2022-08-06,DEBIT,69304.76,ONLINE,3748122.41
300482,200979,2022-08-22,DEBIT,130791.97,BRANCH,2187019.19
300483,200609,2024-10-15,DEBIT,70104.72,ONLINE,4663238.99
300484,200367,2023-03-28,DEBIT,123482.19,NEFT,3162544.78
300485,200528,2022-05-10,DEBIT,176973.11,UPI,1441834.87
300486,200791,2023-02-20,DEBIT,46348.39,ATM,3192456.13
300487,200647,2024-05-22,DEBIT,80907.9,NEFT,1434435.33
300488,200538,2023-11-22,DEBIT,198653.71,IMPS,1468515.14
300489,200864,2024-04-03,CREDIT,173724.55,NEFT,1998292.76
300490,200524,2023-10-27,CREDIT,112971.51,BRANCH,4262225.87
300491,200072,2022-09-05,DEBIT,103373.86,IMPS,2501739.22
300492,200645,2025-03-25,CREDIT,56991.62,IMPS,3394664.76
300493,200106,2025-01-22,DEBIT,103490.16,ONLINE,1960142.72
300494,200732,2022-10-09,DEBIT,169651.48,NEFT,1318395.4
300495,200885,2023-10-21,CREDIT,137066.39,BRANCH,4773223.48
300496,200965,2023-03-13,DEBIT,58079.8,ATM,3018104.44
300497,200689,2022-04-04,DEBIT,40372.64,ONLINE,4669789.72
300498,200282,2022-12-22,DEBIT,53115.19,NEFT,1017463.3
300499,200133,2023-11-19,DEBIT,34034.86,ATM,734897.37
300500,200534,2022-05-10,DEBIT,19218.58,NEFT,4279186.62
300501,200975,2022-09-05,DEBIT,83885.32,ONLINE,3404745.6
300502,200269,2023-07-15,DEBIT,22748.59,ATM,933299.21
300503,200412,2022-10-17,CREDIT,34465.32,ONLINE,1347163.82
300504,200673,2024-04-30,CREDIT,109510.2,NEFT,4003419.38
300505,200619,2022-12-11,DEBIT,33003.39,IMPS,2269616.17
300506,200791,2024-01-28,CREDIT,12869.57,UPI,3352867.26
300507,200865,2025-02-07,DEBIT,63546.03,IMPS,1592100.93
300508,200747,2022-12-04,DEBIT,44141.79,ONLINE,1906459.15
300509,200018,2024-06-17,DEBIT,103109.51,ONLINE,4953567.44
300510,200754,2023-05-14,DEBIT,20563.18,ONLINE,1238461.63
300511,200117,2025-04-06,CREDIT,150378.98,ATM,2532528.66
300512,200798,2022-03-25,CREDIT,181256.08,BRANCH,4222089.51
300513,200794,2022-10-01,CREDIT,148712.69,ONLINE,1196496.46
300514,200144,2022-07-24,CREDIT,106612.12,IMPS,2076361.18
300515,200717,2024-02-10,DEBIT,172147.5,UPI,3075648.89
300516,200551,2022-11-20,CREDIT,139014.18,ONLINE,2406200.16
300517,200929,2022-02-02,DEBIT,2209.17,ONLINE,2297781.58
300518,200666,2024-09-24,DEBIT,78878.62,ONLINE,1812867.4
300519,200688,2022-06-15,CREDIT,170205.28,ATM,2933438.32
300520,200961,2022-01-14,DEBIT,69237.19,ONLINE,3122051.3
300521,200753,2022-01-15,CREDIT,7139.51,IMPS,3266621.06
300522,200422,2023-01-03,CREDIT,149261.31,NEFT,352305.36
300523,200898,2022-07-02,CREDIT,160427.45,BRANCH,3155355.36
300524,200369,2023-08-05,CREDIT,32202.68,ONLINE,4766209.28
300525,200646,2024-05-02,CREDIT,107514.37,ATM,2705160.68
300526,200558,2024-09-01,DEBIT,38471.89,IMPS,3576477.78
300527,200050,2022-09-17,CREDIT,143874.96,ONLINE,2783883.17
300528,200678,2023-02-27,CREDIT,54382.94,ATM,4273775.72
300529,200106,2022-10-21,DEBIT,63311.4,NEFT,4647950.68
300530,200216,2023-07-09,CREDIT,169009.67,UPI,921507.39
300531,200658,2024-12-07,CREDIT,95316.84,ONLINE,2184581.75
300532,200923,2024-07-11,DEBIT,133983.91,IMPS,1962214.31
300533,200425,2024-04-23,DEBIT,80534.37,ATM,2026373.01
300534,200072,2023-05-05,CREDIT,59671.57,ATM,628058.14
300535,200988,2022-12-24,DEBIT,125133.06,ONLINE,4068171.82
300536,200842,2022-03-19,CREDIT,31056.03,ATM,179313.33
300537,200785,2023-01-04,DEBIT,74662.67,UPI,2641368.93
300538,200759,2024-10-20,CREDIT,41886.5,ATM,3309561.0
300539,200446,2022-06-30,CREDIT,139189.41,BRANCH,1037743.46
300540,200925,2023-09-09,CREDIT,188847.35,BRANCH,4529298.04
300541,200186,2023-12-14,DEBIT,199102.64,ATM,4192826.76
300542,200070,2024-05-07,CREDIT,90110.33,ONLINE,2355683.11
300543,200974,2022-01-10,DEBIT,50580.82,BRANCH,2056039.09
300544,200150,2025-02-16,CREDIT,88621.59,IMPS,1183221.34
300545,200246,2023-04-28,CREDIT,169469.16,BRANCH,3650101.13
300546,200774,2023-01-29,CREDIT,41280.54,ATM,659153.13
300547,200538,2022-08-29,CREDIT,190423.92,ONLINE,3401348.65
300548,200935,2024-12-21,CREDIT,68438.97,NEFT,4212363.7
300549,200652,2022-07-15,DEBIT,197162.15,ONLINE,1142743.64
300550,200099,2024-01-12,DEBIT,167737.92,ONLINE,4332203.8
300551,200910,2025-01-10,DEBIT,161733.25,ONLINE,167099.34
300552,200278,2024-11-05,CREDIT,63649.14,IMPS,4563980.53
300553,200563,2023-03-26,CREDIT,1854.56,UPI,592251.96
300554,200663,2024-08-08,DEBIT,76488.37,ATM,3228973.01
300555,200944,2023-03-03,CREDIT,60431.69,UPI,1250787.3
300556,200455,2023-07-21,CREDIT,7575.66,NEFT,4182843.68
300557,200104,2022-04-19,CREDIT,101122.51,UPI,2561745.65
300558,200946,2023-02-01,DEBIT,80665.96,ATM,676638.34
300559,200601,2022-08-19,DEBIT,126947.84,ATM,2855172.36
300560,200653,2022-11-02,DEBIT,124275.15,NEFT,2039709.11
300561,200725,2024-08-29,DEBIT,24237.25,ATM,3307408.36
300562,200233,2024-10-15,DEBIT,195395.41,NEFT,4409575.47
300563,200394,2022-12-28,CREDIT,37467.59,NEFT,2047240.96
300564,200501,2022-11-24,CREDIT,89110.28,ATM,1449758.46
300565,200695,2022-03-30,CREDIT,97674.7,BRANCH,73068.22
300566,200251,2022-04-21,CREDIT,162631.25,NEFT,2874407.77
300567,200521,2024-01-16,DEBIT,19936.0,ATM,2011672.7
300568,200079,2023-08-07,DEBIT,85785.99,BRANCH,1873558.77
300569,200052,2023-03-06,CREDIT,125737.58,NEFT,915085.14
300570,200898,2024-06-09,DEBIT,43109.61,BRANCH,2150561.7
300571,200921,2023-05-30,CREDIT,125530.83,IMPS,4922217.55
300572,200781,2023-11-16,CREDIT,184740.6,ONLINE,1489121.89
300573,200226,2024-07-17,CREDIT,199503.87,IMPS,2998722.21
300574,200051,2022-03-30,CREDIT,6586.97,BRANCH,3882546.16
300575,200186,2022-08-02,DEBIT,47194.09,NEFT,3745914.54
300576,200034,2022-04-18,CREDIT,62130.39,ATM,1644207.05
300577,200803,2025-01-05,DEBIT,79885.31,UPI,3054494.99
300578,200742,2022-12-27,CREDIT,48527.21,ATM,4356387.79
300579,200131,2022-11-20,CREDIT,40777.25,UPI,77729.41
300580,200632,2022-03-01,CREDIT,190915.31,UPI,2178953.92
300581,200443,2024-09-20,CREDIT,183712.47,NEFT,1121754.95
300582,200838,2024-11-20,DEBIT,9493.8,BRANCH,1943467.14
300583,200759,2022-08-26,CREDIT,67828.72,ATM,2080240.05
300584,200432,2022-05-26,DEBIT,81089.2,BRANCH,3733481.49
300585,200704,2023-04-27,CREDIT,47879.01,IMPS,469562.45
300586,200497,2024-06-29,CREDIT,125811.69,NEFT,2563163.22
300587,200403,2025-04-02,CREDIT,128112.11,NEFT,2821191.86
300588,200323,2023-10-30,DEBIT,170115.8,IMPS,2471040.94
300589,200210,2024-05-08,CREDIT,148199.77,ATM,3659500.33
300590,200615,2023-02-12,CREDIT,108560.41,ONLINE,1919264.38
300591,200329,2023-10-30,CREDIT,130752.0,IMPS,4724862.83
300592,200372,2023-04-17,CREDIT,54870.36,ATM,2409276.31
300593,200460,2022-08-14,CREDIT,118651.93,UPI,2856283.94
300594,200133,2023-10-30,DEBIT,97896.53,NEFT,4127741.35
300595,200835,2023-04-12,DEBIT,26755.56,ATM,1376542.91
300596,200651,2022-07-20,CREDIT,48584.6,BRANCH,376472.54
300597,200121,2023-05-01,CREDIT,58409.52,BRANCH,3539066.0
300598,200606,2024-04-24,DEBIT,184869.48,NEFT,2415317.77
300599,200452,2023-02-14,CREDIT,46154.29,IMPS,4482573.0
300600,200965,2024-02-09,DEBIT,57919.86,ONLINE,4913408.9
300601,200129,2023-03-28,CREDIT,73933.89,IMPS,1995847.2
300602,200091,2022-05-31,CREDIT,132782.17,ATM,2077487.36
300603,200604,2024-08-22,DEBIT,23735.85,IMPS,2040109.03
300604,200575,2025-04-13,CREDIT,190793.65,NEFT,1623108.27
300605,200029,2024-09-19,DEBIT,173127.69,ATM,3908544.65
300606,200722,2022-04-22,DEBIT,115485.49,UPI,3795099.31
300607,200524,2024-06-11,DEBIT,134840.17,IMPS,2393485.03
300608,200333,2022-10-24,CREDIT,3430.43,IMPS,223783.75
300609,200297,2023-03-19,DEBIT,67855.06,ONLINE,1548141.73
300610,200130,2024-07-20,DEBIT,159152.48,ATM,1461869.08
300611,200293,2022-12-31,CREDIT,15588.85,BRANCH,4055530.69
300612,200173,2024-03-04,CREDIT,56534.54,IMPS,438334.08
300613,200720,2024-02-04,CREDIT,117100.84,NEFT,4028474.06
300614,200944,2022-10-07,CREDIT,51356.96,IMPS,3346083.67
300615,200024,2024-07-26,CREDIT,186802.2,ONLINE,3662341.07
300616,200099,2023-02-02,CREDIT,26298.62,UPI,2161349.83
300617,200406,2024-01-05,DEBIT,159499.13,ONLINE,3398789.12
300618,200356,2023-07-07,CREDIT,101638.94,IMPS,3045340.21
300619,200139,2023-02-19,DEBIT,150091.12,BRANCH,3845016.49
300620,200503,2023-11-19,CREDIT,62211.99,IMPS,2234125.79
300621,200826,2022-09-18,DEBIT,102946.47,ATM,2364391.71
300622,200174,2022-03-07,DEBIT,171381.39,IMPS,3218059.33
300623,200029,2025-03-10,CREDIT,93428.93,BRANCH,540833.43
300624,200931,2022-05-03,CREDIT,72008.0,ATM,2181504.12
300625,200496,2023-07-29,DEBIT,107277.46,NEFT,4859768.25
300626,200655,2022-10-07,CREDIT,143500.81,ATM,188242.82
300627,200828,2022-08-16,CREDIT,88768.31,ONLINE,1580365.61
300628,200351,2024-08-11,DEBIT,187781.51,UPI,1570892.04
300629,200554,2024-07-28,DEBIT,59059.67,ONLINE,3167503.86
300630,200299,2024-05-06,DEBIT,95145.17,ATM,529448.9
300631,200720,2022-12-17,CREDIT,151409.84,NEFT,3142905.88
300632,200842,2023-12-05,CREDIT,137855.31,IMPS,475653.68
300633,200945,2023-03-27,CREDIT,172741.85,ATM,475220.76
300634,200192,2023-08-28,CREDIT,199362.16,ONLINE,3641052.69
300635,200672,2022-11-18,DEBIT,85428.98,ATM,1621013.8
300636,200064,2022-12-15,CREDIT,22319.06,ATM,4887126.03
300637,200755,2025-03-29,DEBIT,6180.13,ATM,187246.01
300638,200770,2025-02-06,CREDIT,145402.69,NEFT,2225810.77
300639,200664,2023-04-16,CREDIT,174815.33,BRANCH,566123.12
300640,200215,2022-06-27,DEBIT,44220.45,BRANCH,1757219.14
300641,200834,2024-04-23,CREDIT,31773.76,ATM,4991113.14
300642,200166,2024-12-04,CREDIT,12534.8,NEFT,4444268.14
300643,200543,2024-09-28,DEBIT,164558.31,NEFT,242097.88
300644,200883,2023-03-20,CREDIT,62345.25,ATM,2816497.59
300645,200232,2024-08-27,DEBIT,80399.21,ONLINE,3239287.61
300646,200794,2024-08-05,DEBIT,100599.76,ONLINE,1048068.35
300647,200541,2023-07-26,DEBIT,167906.7,UPI,725955.31
300648,200195,2022-01-30,DEBIT,130201.56,ATM,4521953.48
300649,200506,2024-05-26,CREDIT,123051.42,UPI,4844097.8
300650,200334,2023-05-21,CREDIT,35216.85,ONLINE,4959468.34
300651,200768,2023-05-23,CREDIT,102686.66,ONLINE,3948913.99
300652,200793,2023-11-02,DEBIT,143104.67,ATM,3317678.6
300653,200304,2024-06-08,CREDIT,194654.85,UPI,1728978.4
300654,200833,2025-04-01,CREDIT,40361.12,UPI,857405.86
300655,200437,2023-04-01,CREDIT,2007.72,ATM,395363.51
300656,200323,2022-11-02,CREDIT,15152.76,UPI,3466640.69
300657,200502,2025-03-20,DEBIT,75232.91,IMPS,3923724.71
300658,200858,2022-01-11,DEBIT,164126.88,ONLINE,4132355.04
300659,200914,2024-05-05,CREDIT,1527.7,BRANCH,4568868.13
300660,200393,2022-04-01,DEBIT,91400.45,NEFT,4399707.85
300661,200806,2022-03-24,CREDIT,65913.2,UPI,4998706.49
300662,200599,2024-08-21,CREDIT,10591.09,UPI,1220698.02
300663,200149,2024-10-29,CREDIT,90102.23,NEFT,3816656.42
300664,200761,2022-03-10,DEBIT,51024.27,UPI,2932504.33
300665,200833,2024-05-21,CREDIT,70441.78,NEFT,1306595.04
300666,200405,2024-12-23,DEBIT,141152.5,ATM,4909535.66
300667,200283,2024-03-18,DEBIT,104358.04,IMPS,4489541.57
300668,200362,2024-09-08,CREDIT,25017.02,IMPS,643014.08
300669,200379,2022-07-20,DEBIT,192286.77,ONLINE,131278.63
300670,200198,2024-07-15,DEBIT,127218.56,BRANCH,3441809.65
300671,200556,2024-10-11,CREDIT,153197.1,UPI,3020851.08
300672,200356,2023-05-08,DEBIT,15934.71,BRANCH,4679110.21
300673,200540,2022-06-20,DEBIT,9506.97,ATM,1170409.43
300674,200429,2025-02-17,CREDIT,3987.67,IMPS,422397.55
300675,200017,2022-01-26,CREDIT,37839.93,ATM,1296447.06
300676,200639,2024-04-12,DEBIT,82940.24,ATM,95128.74
300677,200379,2023-03-23,CREDIT,187171.64,UPI,179945.81
300678,200680,2022-09-29,CREDIT,91466.23,ATM,4574331.6
300679,200506,2024-01-05,DEBIT,58122.0,IMPS,1760406.9
300680,200756,2023-08-29,DEBIT,112430.86,BRANCH,2054339.6
300681,200899,2023-05-05,CREDIT,22475.72,IMPS,92349.09
300682,200076,2022-07-05,DEBIT,121940.23,UPI,1352973.64
300683,200231,2022-02-02,CREDIT,113729.55,IMPS,4023727.56
300684,200716,2024-09-09,CREDIT,158419.41,NEFT,3077647.05
300685,200962,2023-09-17,DEBIT,197338.85,BRANCH,3769026.12
300686,200248,2022-11-28,DEBIT,50249.61,NEFT,2236345.1
300687,200302,2024-07-29,CREDIT,101980.32,NEFT,1548991.24
300688,200726,2025-03-14,CREDIT,181782.19,ONLINE,2414309.06
300689,200215,2025-04-10,CREDIT,157059.46,UPI,1615693.81
300690,200158,2022-02-19,CREDIT,97532.52,ATM,4194936.0
300691,200069,2024-07-20,DEBIT,189079.79,NEFT,1488719.74
300692,200393,2024-08-07,CREDIT,11541.62,IMPS,3298988.32
300693,200085,2022-10-11,DEBIT,186206.62,ATM,685342.62
300694,200267,2024-04-10,DEBIT,10196.43,IMPS,3434489.04
300695,200069,2023-01-14,CREDIT,109506.22,IMPS,4566541.91
300696,200611,2024-01-29,DEBIT,178099.15,ATM,3043111.48
300697,200347,2024-08-08,DEBIT,52617.92,ATM,2799496.97
300698,200962,2022-01-03,CREDIT,94502.47,IMPS,4805610.78
300699,200728,2022-05-25,DEBIT,64933.34,UPI,3137169.08
300700,200927,2024-02-28,DEBIT,190433.57,BRANCH,1298122.39
300701,200673,2023-11-13,CREDIT,164746.75,ONLINE,1462308.92
300702,200423,2024-12-23,CREDIT,141829.4,BRANCH,3526680.56
300703,200606,2022-03-08,CREDIT,117566.63,UPI,3677315.25
300704,200174,2023-08-31,CREDIT,164136.3,ONLINE,1517829.41
300705,200677,2024-05-22,CREDIT,78514.18,ATM,1727047.22
300706,200115,2023-07-07,CREDIT,89565.62,ONLINE,4955287.02
300707,200220,2025-01-15,CREDIT,146027.34,IMPS,510211.77
300708,200956,2025-03-24,DEBIT,71615.18,BRANCH,2023522.82
300709,200031,2023-03-01,DEBIT,12873.8,ONLINE,312706.43
300710,200523,2022-06-15,CREDIT,14959.49,IMPS,4105481.27
300711,200343,2023-11-19,DEBIT,23161.02,UPI,462183.02
300712,200377,2022-04-23,DEBIT,173949.3,ONLINE,3370199.78
300713,200130,2024-11-20,CREDIT,94498.06,IMPS,282888.88
300714,201000,2024-01-16,DEBIT,142605.19,UPI,3364438.76
300715,200617,2022-04-16,CREDIT,78642.58,ATM,4215263.22
300716,200539,2022-08-16,DEBIT,51816.32,UPI,1994408.22
300717,200739,2024-02-24,CREDIT,69503.71,UPI,2610871.4
300718,200002,2024-01-19,DEBIT,158857.05,BRANCH,2008007.92
300719,200871,2024-08-11,DEBIT,125080.7,IMPS,1502793.55
300720,200101,2022-03-25,DEBIT,187534.19,ONLINE,4016415.37
300721,200533,2024-01-19,CREDIT,135972.99,BRANCH,1360376.87
300722,200058,2024-01-21,DEBIT,114079.31,NEFT,3614855.65
300723,200389,2022-12-25,DEBIT,122078.18,UPI,1031382.3
300724,200692,2025-02-18,CREDIT,188480.05,NEFT,1249644.05
300725,200941,2022-05-18,CREDIT,157661.37,BRANCH,1682637.58
300726,200341,2025-02-22,DEBIT,4905.84,IMPS,2945987.31
300727,200861,2023-02-24,DEBIT,106874.53,BRANCH,2272384.38
300728,200020,2022-10-11,DEBIT,137698.85,IMPS,3725851.48
300729,200255,2023-11-17,DEBIT,149764.83,IMPS,1068229.72
300730,200317,2023-05-04,CREDIT,42707.11,ATM,53856.1
300731,200038,2025-01-10,DEBIT,173448.75,UPI,3882899.08
300732,200660,2022-08-21,DEBIT,191173.05,BRANCH,4108335.84
300733,200537,2024-09-06,CREDIT,47419.39,IMPS,297871.08
300734,200386,2025-04-03,DEBIT,176534.83,BRANCH,3054732.16
300735,200633,2023-03-06,DEBIT,19486.05,BRANCH,1891344.82
300736,200928,2023-04-07,DEBIT,11235.8,IMPS,3969581.33
300737,200026,2023-10-19,CREDIT,25931.84,ONLINE,4372135.56
300738,200454,2023-12-24,CREDIT,11642.44,NEFT,4255093.33
300739,200681,2023-07-02,DEBIT,169017.95,UPI,3886132.63
300740,200323,2024-10-28,DEBIT,11904.12,UPI,1345626.62
300741,200737,2024-05-16,CREDIT,54405.67,ONLINE,4059542.27
300742,200513,2023-07-22,DEBIT,20840.89,ATM,2667625.64
300743,200819,2022-04-22,DEBIT,59154.87,ONLINE,264256.7
300744,200773,2022-05-10,CREDIT,18202.84,ATM,2284965.78
300745,200013,2024-02-03,CREDIT,133633.85,ATM,4710818.51
300746,200915,2023-12-09,CREDIT,26752.03,ONLINE,4439352.82
300747,200908,2024-07-15,DEBIT,170384.0,UPI,511770.27
300748,200560,2024-09-22,DEBIT,163456.49,NEFT,3720761.37
300749,200921,2024-10-23,DEBIT,2830.97,UPI,4029061.43
300750,200825,2024-12-14,DEBIT,179155.7,UPI,1357305.25
300751,200371,2022-09-09,CREDIT,5885.97,UPI,2358307.05
300752,200291,2024-08-20,DEBIT,48005.19,ONLINE,3555084.21
300753,200332,2024-12-25,DEBIT,6574.59,ONLINE,2195487.92
300754,200606,2024-12-27,CREDIT,67235.11,ONLINE,564428.2
300755,200261,2023-08-22,CREDIT,102821.92,UPI,3529559.28
300756,200994,2024-07-14,DEBIT,159349.31,NEFT,4558237.63
300757,200790,2024-01-24,CREDIT,67662.51,ATM,3262597.4
300758,200871,2022-05-15,CREDIT,141127.46,BRANCH,3869116.84
300759,200205,2023-01-21,DEBIT,37582.14,ATM,1792133.5
300760,200697,2024-07-26,DEBIT,150144.63,ATM,916399.63
300761,200687,2022-06-28,DEBIT,47275.72,BRANCH,3214046.92
300762,200950,2022-06-14,DEBIT,28794.6,UPI,1639192.14
300763,200387,2024-03-11,CREDIT,37163.23,NEFT,4300437.56
300764,200892,2023-01-02,CREDIT,36494.42,NEFT,613578.94
300765,200821,2023-08-14,DEBIT,102621.29,ATM,2167601.77
300766,200468,2022-06-07,DEBIT,168975.04,BRANCH,1983939.64
300767,200415,2022-08-12,CREDIT,16013.05,IMPS,4690300.24
300768,200069,2022-12-04,DEBIT,141420.57,UPI,766097.44
300769,200472,2023-07-20,DEBIT,130903.86,ATM,49729.2
300770,200104,2022-08-18,DEBIT,174516.74,NEFT,1190807.02
300771,200758,2022-10-31,DEBIT,48905.1,ONLINE,4101474.16
300772,200161,2024-10-13,CREDIT,90076.96,ONLINE,1047004.42
300773,200200,2022-11-05,DEBIT,185172.89,BRANCH,1204769.88
300774,200216,2023-02-23,CREDIT,132032.69,BRANCH,649929.07
300775,200946,2024-12-02,DEBIT,77814.81,ATM,3577323.3
300776,200212,2022-02-16,DEBIT,26369.34,IMPS,346336.37
300777,200508,2023-08-24,CREDIT,52570.75,NEFT,1656375.91
300778,200016,2024-05-03,DEBIT,116284.97,ATM,1412852.38
300779,200498,2025-01-13,CREDIT,143661.77,IMPS,2776021.07
300780,200884,2022-09-28,DEBIT,24971.94,BRANCH,3652216.12
300781,200332,2024-08-28,DEBIT,119959.49,ONLINE,2664615.74
300782,200717,2023-12-12,DEBIT,110115.22,UPI,4655164.45
300783,200877,2024-05-10,DEBIT,102839.69,ONLINE,4757237.47
300784,200551,2024-06-28,DEBIT,138055.61,NEFT,1807645.91
300785,200601,2022-02-13,CREDIT,167506.17,NEFT,3888513.04
300786,200942,2023-08-21,CREDIT,64665.64,ONLINE,3694137.52
300787,200256,2023-01-23,DEBIT,177813.54,ONLINE,4464876.48
300788,200992,2022-05-09,DEBIT,32210.66,IMPS,2239994.23
300789,200766,2022-02-15,CREDIT,34687.47,ATM,2652600.7
300790,200728,2023-04-21,CREDIT,53427.74,BRANCH,2079163.68
300791,200880,2024-11-30,DEBIT,23994.22,IMPS,4251959.41
300792,200815,2023-11-19,DEBIT,46140.81,UPI,1148896.73
300793,200172,2024-04-23,CREDIT,21371.71,ONLINE,1198925.54
300794,200649,2025-03-31,DEBIT,164368.31,UPI,1863339.22
300795,201000,2023-12-04,CREDIT,27879.9,UPI,1152098.99
300796,200498,2023-10-31,DEBIT,149484.78,IMPS,2805253.68
300797,200471,2024-09-22,CREDIT,9677.98,BRANCH,672883.29
300798,200384,2024-12-21,CREDIT,189709.21,NEFT,1601271.0
300799,200690,2025-01-28,DEBIT,142260.9,ATM,4567266.77
300800,200589,2024-06-30,CREDIT,1458.63,NEFT,2046422.79
300801,200700,2024-07-26,DEBIT,152794.91,BRANCH,3741294.47
300802,200507,2023-09-15,DEBIT,102864.98,NEFT,567754.23
300803,200992,2025-03-07,DEBIT,155895.1,ONLINE,1238198.76
300804,200527,2022-09-28,DEBIT,104547.11,ONLINE,4036824.43
300805,200804,2023-09-20,CREDIT,128240.87,IMPS,3815083.18
300806,200831,2022-12-18,DEBIT,157287.7,UPI,1931086.52
300807,200325,2023-06-17,DEBIT,81081.1,BRANCH,4772007.31
300808,200214,2023-04-10,DEBIT,641.36,BRANCH,4553259.76
300809,200208,2024-09-18,DEBIT,170004.3,NEFT,4811522.6
300810,200169,2024-02-01,CREDIT,76239.98,IMPS,2139859.49
300811,200330,2023-08-14,DEBIT,99258.94,NEFT,987769.18
300812,200280,2022-04-07,CREDIT,1652.55,NEFT,3133479.87
300813,200978,2022-10-31,CREDIT,98469.19,BRANCH,3424023.4
300814,200305,2023-12-25,CREDIT,197298.83,NEFT,627646.2
300815,200146,2023-08-06,DEBIT,55725.71,UPI,3932521.93
300816,200775,2024-07-22,DEBIT,79144.11,NEFT,90792.07
300817,200516,2022-12-07,DEBIT,137469.28,UPI,2413900.57
300818,200090,2022-11-26,DEBIT,162977.25,BRANCH,1655415.79
300819,200453,2025-01-01,CREDIT,83536.59,IMPS,3701645.15
300820,200060,2023-08-08,CREDIT,62002.81,ONLINE,1564147.26
300821,200311,2023-01-09,DEBIT,187571.38,UPI,4134122.16
300822,200528,2022-12-26,DEBIT,135461.28,IMPS,2974969.97
300823,200227,2022-11-11,DEBIT,23892.36,IMPS,3969569.86
300824,200474,2022-11-27,DEBIT,13878.68,UPI,4946708.52
300825,200978,2023-05-03,DEBIT,96761.62,BRANCH,3395952.15
300826,200541,2022-08-28,DEBIT,44096.0,ATM,4924759.11
300827,200663,2022-03-26,DEBIT,50871.55,IMPS,144667.22
300828,200757,2023-10-11,CREDIT,175550.67,IMPS,1691030.87
300829,200782,2025-03-22,CREDIT,18004.25,BRANCH,539712.4
300830,200079,2022-09-17,CREDIT,143101.29,BRANCH,1311893.5
300831,200433,2024-06-21,CREDIT,54301.34,NEFT,4194520.05
300832,200801,2023-06-18,DEBIT,152089.61,BRANCH,162100.16
300833,200153,2024-01-28,DEBIT,144510.04,IMPS,2601154.59
300834,200789,2023-01-13,DEBIT,1577.64,UPI,2835859.97
300835,200401,2023-02-25,DEBIT,101876.17,ATM,2805975.16
300836,200279,2025-02-25,DEBIT,27949.96,NEFT,2376747.72
300837,200057,2022-03-13,CREDIT,173258.78,UPI,3953119.52
300838,200977,2023-10-12,DEBIT,174330.02,ATM,668148.68
300839,200186,2023-12-06,CREDIT,83727.33,ATM,1553229.79
300840,200398,2022-10-30,DEBIT,88934.68,ATM,3078822.4
300841,200605,2024-02-03,CREDIT,60726.26,ONLINE,3454911.36
300842,200788,2024-07-07,DEBIT,143349.6,UPI,2021040.08
300843,200158,2025-01-10,CREDIT,71796.41,NEFT,4376918.63
300844,200787,2022-11-29,DEBIT,53631.72,NEFT,2077759.24
300845,200693,2024-12-28,DEBIT,86502.99,ATM,2014179.28
300846,200359,2023-09-10,DEBIT,18388.35,UPI,181518.2
300847,200440,2022-09-06,DEBIT,149345.98,ONLINE,2755931.11
300848,200589,2022-02-21,CREDIT,2618.02,ATM,3543549.85
300849,200466,2024-04-08,DEBIT,128932.56,BRANCH,572633.6
300850,200663,2024-10-19,CREDIT,36654.62,NEFT,1527511.11
300851,200446,2022-10-25,DEBIT,46557.57,IMPS,3906394.14
300852,200750,2024-07-27,CREDIT,127162.84,ATM,1829914.22
300853,200801,2023-10-18,DEBIT,198589.4,BRANCH,1208391.51
300854,200743,2022-11-16,DEBIT,155565.73,NEFT,3361167.22
300855,200488,2022-01-09,CREDIT,45245.34,ONLINE,984195.51
300856,200530,2025-01-23,DEBIT,35287.35,UPI,4478316.77
300857,200073,2024-11-05,DEBIT,173259.95,NEFT,528439.18
300858,200929,2023-11-10,CREDIT,88892.37,UPI,3532895.74
300859,200928,2023-08-29,DEBIT,27496.86,UPI,2497993.73
300860,200701,2024-08-28,CREDIT,172456.06,ONLINE,4349712.85
300861,200950,2023-08-17,DEBIT,163236.86,ONLINE,631412.36
300862,200017,2025-03-20,CREDIT,196782.88,ATM,3389635.65
300863,200531,2022-10-29,CREDIT,181957.76,ATM,2860487.17
300864,200731,2025-03-03,CREDIT,170372.89,NEFT,2400710.67
300865,200326,2024-06-24,CREDIT,10609.62,ONLINE,2457290.61
300866,200995,2023-11-25,DEBIT,20972.63,BRANCH,3610023.82
300867,200632,2022-08-19,DEBIT,113839.74,NEFT,4688739.4
300868,200613,2024-09-07,CREDIT,106342.7,IMPS,456712.67
300869,200546,2022-03-24,DEBIT,91646.85,UPI,98003.49
300870,200596,2022-10-13,DEBIT,79418.19,UPI,4028621.11
300871,200921,2025-02-02,DEBIT,86298.98,ATM,541292.85
300872,200708,2022-08-28,CREDIT,113902.66,BRANCH,4933490.63
300873,200842,2023-09-23,DEBIT,515.1,ONLINE,3096931.57
300874,200202,2022-02-20,DEBIT,52215.68,ONLINE,3254506.54
300875,200344,2024-04-02,CREDIT,103704.12,ATM,994859.07
300876,200853,2023-03-28,DEBIT,144471.0,IMPS,1201941.4
300877,200523,2024-07-02,CREDIT,34913.92,NEFT,3296921.84
300878,200859,2024-01-02,CREDIT,109421.55,NEFT,4548679.33
300879,200400,2022-07-09,CREDIT,142920.49,BRANCH,4911961.58
300880,200218,2023-10-31,DEBIT,88981.07,ATM,990555.72
300881,200445,2022-04-23,DEBIT,5513.52,ATM,671031.05
300882,200765,2023-02-04,CREDIT,89908.7,IMPS,282478.59
300883,200222,2025-04-09,CREDIT,59359.33,NEFT,4341550.94
300884,200383,2024-12-14,CREDIT,185936.96,ATM,1473926.88
300885,200881,2023-03-31,CREDIT,25010.22,ONLINE,9559.26
300886,200592,2023-07-24,CREDIT,130529.94,BRANCH,1119478.52
300887,200007,2023-02-05,CREDIT,10638.68,NEFT,1702535.18
300888,200272,2022-02-16,DEBIT,89289.47,IMPS,4954935.35
300889,200739,2022-06-21,CREDIT,110840.5,BRANCH,2617946.2
300890,200016,2025-01-07,CREDIT,59661.19,UPI,1023967.38
300891,200424,2024-07-01,CREDIT,91069.62,ONLINE,1674424.31
300892,200524,2022-06-28,DEBIT,32794.4,IMPS,1651873.28
300893,200803,2024-11-14,DEBIT,60894.36,BRANCH,99118.87
300894,200753,2024-03-18,DEBIT,124259.15,ATM,676347.68
300895,200021,2023-02-03,DEBIT,60429.83,UPI,3476134.7
300896,200690,2024-10-01,CREDIT,179958.64,IMPS,601694.81
300897,200939,2023-10-13,DEBIT,125718.55,ATM,1154056.02
300898,200228,2024-11-13,CREDIT,87785.94,ONLINE,1754011.12
300899,200785,2022-04-25,CREDIT,7847.51,UPI,3788795.86
300900,200288,2024-01-10,CREDIT,99959.71,NEFT,2912213.62
300901,200809,2024-03-25,CREDIT,152978.77,ATM,3445155.42
300902,200134,2022-10-30,CREDIT,53184.96,BRANCH,2835278.12
300903,200984,2024-05-25,CREDIT,161374.04,IMPS,3418120.33
300904,200283,2024-01-28,DEBIT,50436.17,UPI,14709.35
300905,200404,2024-03-01,DEBIT,164766.9,ATM,4654525.27
300906,200665,2024-02-03,DEBIT,17145.14,NEFT,555045.69
300907,200066,2022-01-25,DEBIT,173250.12,IMPS,2031542.36
300908,200649,2023-08-06,DEBIT,99887.37,IMPS,3855306.33
300909,200604,2023-12-08,CREDIT,59377.86,ATM,2176435.97
300910,200437,2023-12-21,DEBIT,53096.14,NEFT,4734239.34
300911,200829,2023-09-23,DEBIT,86458.91,ONLINE,2338210.95
300912,200934,2024-07-01,DEBIT,199809.99,ONLINE,4374759.56
300913,200259,2025-02-22,CREDIT,44143.45,UPI,4054235.15
300914,200980,2022-06-29,CREDIT,20733.01,ATM,4904941.02
300915,200966,2023-03-18,CREDIT,117048.53,UPI,4632775.63
300916,200103,2024-06-28,DEBIT,97759.64,ONLINE,4490670.11
300917,200993,2024-05-01,DEBIT,104886.83,IMPS,3658155.9
300918,200567,2024-06-25,DEBIT,133420.39,UPI,1835307.24
300919,200769,2023-08-15,DEBIT,53502.1,NEFT,531074.03
300920,200101,2022-12-02,DEBIT,182141.93,BRANCH,3443380.94
300921,200198,2024-05-18,CREDIT,87190.85,ONLINE,4893281.08
300922,200813,2024-04-28,DEBIT,25904.33,ONLINE,3633158.88
300923,200226,2022-10-13,CREDIT,148485.52,NEFT,4643682.48
300924,200943,2022-06-26,DEBIT,128656.56,UPI,4021621.41
300925,200463,2022-10-22,CREDIT,63217.11,ATM,815991.82
300926,200237,2023-03-02,CREDIT,124341.59,IMPS,1246394.25
300927,200026,2023-09-14,CREDIT,44050.41,BRANCH,1709657.08
300928,200121,2024-08-30,CREDIT,89023.39,ATM,841718.09
300929,200910,2024-12-11,DEBIT,179892.56,ATM,2908465.84
300930,200506,2023-11-18,DEBIT,26793.49,NEFT,4877264.9
300931,200182,2022-05-16,DEBIT,77400.62,UPI,3807413.44
300932,200711,2024-02-09,CREDIT,164246.37,ONLINE,2117222.05
300933,200814,2022-07-01,DEBIT,193901.23,ONLINE,23020.15
300934,200767,2022-01-14,DEBIT,90839.83,NEFT,1566723.42
300935,200634,2024-04-18,DEBIT,101449.22,UPI,2634033.06
300936,200543,2023-07-14,DEBIT,114477.18,NEFT,1621592.24
300937,200984,2024-04-28,CREDIT,186476.39,ONLINE,555619.1
300938,200315,2022-12-25,CREDIT,171655.54,ATM,2214103.4
300939,200991,2025-02-12,DEBIT,34203.16,IMPS,1266637.46
300940,200797,2024-08-04,DEBIT,87407.89,UPI,4546207.27
300941,200618,2025-03-09,DEBIT,92853.69,BRANCH,509221.77
300942,200736,2022-10-08,CREDIT,157840.31,BRANCH,246238.57
300943,200273,2023-02-13,CREDIT,120618.29,ATM,27068.19
300944,200910,2023-01-16,CREDIT,130878.67,NEFT,1640684.39
300945,200232,2024-02-21,DEBIT,199640.16,NEFT,3302104.0
300946,200420,2023-08-16,CREDIT,15084.51,ONLINE,3652203.56
300947,200768,2025-02-08,CREDIT,44679.66,ATM,2266581.79
300948,200442,2024-10-01,CREDIT,81638.4,ONLINE,3421801.09
300949,200496,2022-03-28,CREDIT,69621.7,ONLINE,1799890.22
300950,200024,2023-09-11,CREDIT,4426.95,BRANCH,3339197.2
300951,200109,2025-04-13,DEBIT,18446.34,ONLINE,203459.63
300952,200703,2023-09-15,DEBIT,136222.56,ONLINE,1954069.55
300953,200502,2024-10-08,DEBIT,175876.96,BRANCH,3954352.96
300954,200859,2025-02-19,DEBIT,102893.98,NEFT,4015128.65
300955,200025,2024-08-07,CREDIT,107884.3,UPI,3580885.82
300956,200187,2023-04-05,DEBIT,51093.18,IMPS,1021590.98
300957,200288,2022-02-24,DEBIT,153598.49,ONLINE,1236401.99
300958,200628,2022-01-06,DEBIT,150383.74,UPI,4980445.59
300959,200338,2022-11-12,CREDIT,117714.3,BRANCH,517338.35
300960,200878,2023-06-22,DEBIT,42611.59,UPI,903723.16
300961,200914,2023-09-07,CREDIT,19493.94,IMPS,650566.27
300962,200037,2024-08-25,CREDIT,12941.29,UPI,1638610.99
300963,200794,2022-09-12,CREDIT,118579.94,UPI,1051274.09
300964,200137,2023-08-13,DEBIT,165024.56,UPI,2488690.95
300965,200508,2024-05-04,CREDIT,171680.25,UPI,2380365.52
300966,200227,2023-01-03,DEBIT,92778.05,ATM,4507577.34
300967,200320,2024-10-04,DEBIT,156875.83,ONLINE,174182.37
300968,200840,2023-05-17,DEBIT,189381.35,BRANCH,1599737.94
300969,200916,2022-02-28,CREDIT,55106.51,IMPS,2983491.13
300970,200182,2022-09-02,CREDIT,79652.27,BRANCH,3024206.41
300971,200874,2023-07-22,DEBIT,186302.65,ATM,2400891.08
300972,200086,2024-10-06,CREDIT,67712.37,ATM,4078419.87
300973,200467,2022-05-17,CREDIT,182783.87,ATM,314079.5
300974,200926,2024-01-11,CREDIT,196210.87,ONLINE,4077531.08
300975,200053,2025-04-05,DEBIT,132395.96,ATM,2474023.83
300976,200860,2024-09-11,CREDIT,163396.37,UPI,669236.6
300977,200867,2025-03-04,CREDIT,149934.16,BRANCH,4428566.72
300978,200235,2024-06-12,DEBIT,139936.9,NEFT,3246319.28
300979,200959,2023-06-13,CREDIT,61455.52,IMPS,818146.66
300980,200779,2024-09-01,DEBIT,11513.16,ATM,168731.79
300981,200799,2022-09-02,CREDIT,68676.04,BRANCH,705977.69
300982,200433,2024-02-04,CREDIT,133420.5,ATM,3044185.4
300983,200496,2024-11-15,CREDIT,20595.59,ONLINE,896891.53
300984,200999,2025-03-24,CREDIT,2482.4,ATM,1129202.49
300985,200100,2022-02-05,CREDIT,28024.51,ATM,126186.06
300986,200990,2023-06-16,CREDIT,143175.61,ATM,3614791.9
300987,200599,2022-11-30,DEBIT,194561.46,ATM,4051916.82
300988,200403,2025-04-06,CREDIT,196614.63,IMPS,3984342.46
300989,200396,2022-04-30,CREDIT,98846.43,BRANCH,638276.97
300990,200527,2022-10-27,CREDIT,173883.52,ONLINE,4516553.99
300991,200415,2023-10-17,DEBIT,147391.61,ATM,3361558.01
300992,200939,2024-08-02,DEBIT,100257.94,ATM,4487694.35
300993,200613,2022-10-05,DEBIT,114594.83,ATM,2236078.94
300994,200677,2024-01-02,CREDIT,27531.71,ATM,2185055.83
300995,200463,2022-12-01,CREDIT,187538.53,UPI,3922790.33
300996,200541,2022-04-19,DEBIT,70450.76,UPI,466942.63
300997,200626,2023-07-13,DEBIT,89285.24,NEFT,2604609.75
300998,200619,2024-01-10,DEBIT,134364.88,ATM,4182002.99
300999,200922,2024-05-09,CREDIT,66847.1,NEFT,4151047.72
301000,200364,2023-12-31,DEBIT,50926.41,IMPS,4780686.22
